Receipt No,Completion Time,Details,Transaction Status,Paid In,Withdrawn,Balance
33876SDFKE,2025-01-01 00:00:00,Business Payment from Samson Kiprop,Completed,"20,050.00",,"131,014.00"
XB2WA1DL83,2025-01-02 00:00:00,Customer Payment from Robert Maina,Completed,"6,927.00",,"137,941.00"
G2Z640KLRW,2025-01-02 00:00:00,Till Payment from Alice Ochieng,Completed,"4,746.00",,"142,687.00"
13O6H70FHG,2025-01-02 00:00:00,Staff Salary Disbursement,Completed,,"21,758.00","120,929.00"
OB9ET8K5ZC,2025-01-02 00:00:00,Safaricom Airtime Purchase,Completed,,472.00,"120,457.00"
404B8RHSDL,2025-01-03 00:00:00,Withdraw Cash Agent,Completed,,"7,185.00","113,272.00"
OLADXYU61Q,2025-01-04 00:00:00,Customer Payment from John Kamau,Completed,"20,701.00",,"133,973.00"
PRKJJ1WS2E,2025-01-05 00:00:00,Withdraw Cash Agent,Completed,,"6,385.00","127,588.00"
T760S9GN42,2025-01-05 00:00:00,Customer Payment from Robert Maina,Completed,"2,130.00",,"129,718.00"
RRY2KHEBWI,2025-01-05 00:00:00,Wholesale Order Payment from Joyce,Completed,"114,493.00",,"244,211.00"
MD44BVFT1O,2025-01-05 00:00:00,Business Payment from Samson Kiprop,Completed,"21,948.00",,"266,159.00"
P1Y6370SYH,2025-01-06 00:00:00,Customer Refund to Susan Achieng,Failed,,,"266,159.00"
HYLUIVXT5P,2025-01-07 00:00:00,Customer Refund to Susan Achieng,Completed,,"1,515.00","264,644.00"
X35LCF54DQ,2025-01-07 00:00:00,Till Payment from Alice Ochieng,Completed,"6,255.00",,"270,899.00"
2RA9PDCFOG,2025-01-07 00:00:00,Staff Salary Disbursement,Completed,,"17,820.00","253,079.00"
4KIO1IKGTG,2025-01-07 00:00:00,Wholesale Order Payment from Joyce,Completed,"117,718.00",,"370,797.00"
64GH00B4VM,2025-01-07 00:00:00,Rent Payment Commercial Property,Completed,,"16,431.00","354,366.00"
G67KCVDDWZ,2025-01-08 00:00:00,Electricity Token KenyaPower,Completed,,"3,186.00","351,180.00"
ZFRQ20CCTA,2025-01-08 00:00:00,Send Money to James Njoroge,Completed,,"9,403.00","341,777.00"
RPP5RVQDQ6,2025-01-09 00:00:00,Staff Salary Disbursement,Completed,,"25,286.00","316,491.00"
40S9PBSMXC,2025-01-10 00:00:00,Supplier Payment Nairobi Wholesale,Completed,,"31,882.00","284,609.00"
9X1N1ZW0VM,2025-01-10 00:00:00,Safaricom Airtime Purchase,Completed,,286.00,"284,323.00"
NBAFJHL3KS,2025-01-10 00:00:00,Lipa Na M-Pesa from Grace Njoroge,Completed,"1,807.00",,"286,130.00"
GQ43NMJ7KF,2025-01-10 00:00:00,Till Payment from Alice Ochieng,Completed,"3,729.00",,"289,859.00"
H8F6405BVB,2025-01-11 00:00:00,Water Bill Nairobi Water,Completed,,"1,866.00","287,993.00"
AWI6VSVRB0,2025-01-12 00:00:00,Supplier Payment Nairobi Wholesale,Completed,,"18,584.00","269,409.00"
MAN7ETG31M,2025-01-12 00:00:00,Business Payment from Samson Kiprop,Completed,"43,222.00",,"312,631.00"
DLGR60HQ9Z,2025-01-13 00:00:00,Customer Payment from Robert Maina,Completed,"17,429.00",,"330,060.00"
J63V8S07IW,2025-01-13 00:00:00,Supplier Payment Nairobi Wholesale,Completed,,"67,824.00","262,236.00"
X8YJNNOUFZ,2025-01-13 00:00:00,Staff Salary Disbursement,Failed,,,"262,236.00"
Q0OMXDFYO1,2025-01-14 00:00:00,Internet Bill Safaricom,Completed,,925.00,"261,311.00"
BHJD8U82PM,2025-01-14 00:00:00,Safaricom Airtime Purchase,Completed,,192.00,"261,119.00"
XGKGKA4JRS,2025-01-14 00:00:00,Send Money to James Njoroge,Completed,,"3,154.00","257,965.00"
WYJ4I4J1FL,2025-01-15 00:00:00,Customer Refund to Susan Achieng,Completed,,"1,805.00","256,160.00"
YM0JXEIAO6,2025-01-16 00:00:00,Google Ads Payment,Failed,,,"256,160.00"
FEB4GC1UDT,2025-01-17 00:00:00,Staff Salary Disbursement,Completed,,"5,118.00","251,042.00"
K0PN4E3ZQ5,2025-01-18 00:00:00,Customer Refund to Susan Achieng,Completed,,"4,985.00","246,057.00"
3AU08M3J64,2025-01-18 00:00:00,Customer Payment from Mary Wanjiku,Completed,"4,045.00",,"250,102.00"
U3QMLED0VW,2025-01-18 00:00:00,Electricity Token KenyaPower,Completed,,"3,979.00","246,123.00"
ATFIEBH4W4,2025-01-19 00:00:00,Customer Refund to Susan Achieng,Completed,,"3,059.00","243,064.00"
OI7DPGJ5V8,2025-01-20 00:00:00,Customer Payment from Mary Wanjiku,Completed,"9,843.00",,"252,907.00"
PZQJQ7TD2Z,2025-01-20 00:00:00,Customer Payment from Robert Maina,Completed,"3,487.00",,"256,394.00"
DW5BSD7N6B,2025-01-21 00:00:00,Transfer from David Otieno,Completed,"9,635.00",,"266,029.00"
HHGG3TJLKR,2025-01-22 00:00:00,Safaricom Airtime Purchase,Completed,,475.00,"265,554.00"
SKHI8MGMBJ,2025-01-22 00:00:00,Customer Payment from John Kamau,Completed,"13,229.00",,"278,783.00"
LMQDA6R4UH,2025-01-22 00:00:00,Transfer from David Otieno,Completed,"6,717.00",,"285,500.00"
YXIT9IW0F5,2025-01-23 00:00:00,Transfer from David Otieno,Completed,739.00,,"286,239.00"
P0AJCUC5B0,2025-01-23 00:00:00,Customer Payment from Mary Wanjiku,Completed,"12,978.00",,"299,217.00"
Q6N6KINKKC,2025-01-23 00:00:00,Till Payment from Peter Mwangi,Completed,"4,174.00",,"303,391.00"
FRPKI2MTSN,2025-01-23 00:00:00,Send Money to James Njoroge,Completed,,905.00,"302,486.00"
RAUJEBONAD,2025-01-23 00:00:00,Water Bill Nairobi Water,Failed,,,"302,486.00"
CFUQUG7FK3,2025-01-24 00:00:00,Water Bill Nairobi Water,Completed,,"1,250.00","301,236.00"
FF1NTOFMKS,2025-01-24 00:00:00,Withdraw Cash Agent,Completed,,"8,791.00","292,445.00"
5TRPWJEZRD,2025-01-24 00:00:00,Wholesale Order Payment from Joyce,Completed,"100,134.00",,"392,579.00"
AV8ELFHS57,2025-01-24 00:00:00,Customer Refund to Susan Achieng,Completed,,"1,174.00","391,405.00"
K5E6WYWXDJ,2025-01-25 00:00:00,Customer Refund to Susan Achieng,Completed,,"1,754.00","389,651.00"
K1RVXOL3I4,2025-01-25 00:00:00,Electricity Token KenyaPower,Completed,,"3,367.00","386,284.00"
CVRCS1Y3E5,2025-01-26 00:00:00,Transfer from David Otieno,Completed,"18,766.00",,"405,050.00"
MR8IS6586J,2025-01-27 00:00:00,Staff Salary Disbursement,Completed,,"12,856.00","392,194.00"
LGLF3J9SMV,2025-01-27 00:00:00,Lipa Na M-Pesa from Grace Njoroge,Completed,"2,407.00",,"394,601.00"
JYTGYY9CYA,2025-01-28 00:00:00,Customer Payment from John Kamau,Completed,"21,698.00",,"416,299.00"
KGF1AT6PWU,2025-01-28 00:00:00,Customer Refund to Susan Achieng,Completed,,"2,322.00","413,977.00"
LOKEI60FKV,2025-01-29 00:00:00,Till Payment from Alice Ochieng,Completed,"4,322.00",,"418,299.00"
SK0Q6VXIH2,2025-01-30 00:00:00,Customer Refund to Susan Achieng,Failed,,,"418,299.00"
DQXDNGO2M3,2025-01-30 00:00:00,Till Payment from Alice Ochieng,Completed,"3,247.00",,"421,546.00"
CXQ15087QK,2025-01-31 00:00:00,Google Ads Payment,Completed,,"13,139.00","408,407.00"
4CWXT9ZNFZ,2025-02-01 00:00:00,Till Payment from Peter Mwangi,Completed,"1,936.00",,"410,343.00"
AOQL9NQE08,2025-02-02 00:00:00,Till Payment from Peter Mwangi,Completed,"10,144.00",,"420,487.00"
W0DLN5Q4RW,2025-02-03 00:00:00,Till Payment from Alice Ochieng,Completed,"6,640.00",,"427,127.00"
EWM4T3UGPK,2025-02-03 00:00:00,Customer Refund to Susan Achieng,Completed,,"1,242.00","425,885.00"
1DS9Z8I7G6,2025-02-04 00:00:00,Customer Refund to Susan Achieng,Completed,,"4,982.00","420,903.00"
MOY5A7F14B,2025-02-04 00:00:00,Wholesale Order Payment from Joyce,Completed,"23,485.00",,"444,388.00"
59EFL223I5,2025-02-05 00:00:00,Transfer from David Otieno,Completed,"4,766.00",,"449,154.00"
2NH8XQKW8V,2025-02-05 00:00:00,Send Money to James Njoroge,Completed,,915.00,"448,239.00"
RA6OVRNUQJ,2025-02-05 00:00:00,Staff Salary Disbursement,Completed,,"15,874.00","432,365.00"
NHUZR9D9JW,2025-02-06 00:00:00,Lipa Na M-Pesa from Grace Njoroge,Completed,"3,160.00",,"435,525.00"
EBC6343SWL,2025-02-06 00:00:00,Wholesale Order Payment from Joyce,Completed,"11,105.00",,"446,630.00"
8EWTZ48UB0,2025-02-06 00:00:00,Lipa Na M-Pesa from Grace Njoroge,Completed,"1,500.00",,"448,130.00"
43PU3N0UY9,2025-02-07 00:00:00,Withdraw Cash Agent,Completed,,"6,050.00","442,080.00"
REABIN1SS6,2025-02-08 00:00:00,Till Payment from Peter Mwangi,Completed,"7,846.00",,"449,926.00"
0HT5ZJ805J,2025-02-08 00:00:00,Customer Payment from Mary Wanjiku,Completed,"4,251.00",,"454,177.00"
1GJ60BGL1V,2025-02-09 00:00:00,Staff Salary Disbursement,Completed,,"15,331.00","438,846.00"
27L70ACC45,2025-02-09 00:00:00,Till Payment from Alice Ochieng,Completed,"1,868.00",,"440,714.00"
N84NHJUJGE,2025-02-09 00:00:00,Wholesale Order Payment from Joyce,Completed,"58,688.00",,"499,402.00"
GOHMG9CYBH,2025-02-09 00:00:00,Supplier Payment Nairobi Wholesale,Completed,,"28,510.00","470,892.00"
RIK9CK2BZB,2025-02-10 00:00:00,Supplier Payment Nairobi Wholesale,Completed,,"45,760.00","425,132.00"
UOZG3Z5M1I,2025-02-11 00:00:00,Lipa Na M-Pesa from Grace Njoroge,Completed,"4,810.00",,"429,942.00"
WVNN7M2QVD,2025-02-12 00:00:00,Water Bill Nairobi Water,Completed,,703.00,"429,239.00"
VT2WXMHAKF,2025-02-12 00:00:00,Safaricom Airtime Purchase,Completed,,137.00,"429,102.00"
IVITSTIXV2,2025-02-13 00:00:00,Customer Payment from Robert Maina,Completed,"6,762.00",,"435,864.00"
2449A3H4NO,2025-02-14 00:00:00,Till Payment from Alice Ochieng,Completed,"7,979.00",,"443,843.00"
U8P7R84XSB,2025-02-14 00:00:00,Customer Payment from John Kamau,Failed,,,"443,843.00"
LNJEFZS0RA,2025-02-14 00:00:00,Lipa Na M-Pesa from Grace Njoroge,Completed,"3,307.00",,"447,150.00"
MO8AHYS3U5,2025-02-15 00:00:00,Safaricom Airtime Purchase,Completed,,198.00,"446,952.00"
CZWPH3USPV,2025-02-15 00:00:00,Business Payment from Samson Kiprop,Completed,"4,153.00",,"451,105.00"
D5184FBF87,2025-02-15 00:00:00,Customer Refund to Susan Achieng,Completed,,"4,408.00","446,697.00"
7MV41W5VF5,2025-02-16 00:00:00,Till Payment from Peter Mwangi,Failed,,,"446,697.00"
CS9Z2BRX0Y,2025-02-17 00:00:00,Internet Bill Safaricom,Completed,,753.00,"445,944.00"
KH80W3871X,2025-02-18 00:00:00,Supplier Payment Nairobi Wholesale,Completed,,"47,084.00","398,860.00"
CDUVAU4KYG,2025-02-18 00:00:00,Rent Payment Commercial Property,Failed,,,"398,860.00"
BAFFZ2DDPW,2025-02-19 00:00:00,Staff Salary Disbursement,Completed,,"29,586.00","369,274.00"
2TE73V7EP6,2025-02-19 00:00:00,Rent Payment Commercial Property,Completed,,"53,589.00","315,685.00"
RBOVN4FZFV,2025-02-19 00:00:00,Staff Salary Disbursement,Failed,,,"315,685.00"
RTC5ADKL7O,2025-02-20 00:00:00,Staff Salary Disbursement,Completed,,"18,387.00","297,298.00"
V3ACDYUMAX,2025-02-21 00:00:00,Staff Salary Disbursement,Completed,,"22,477.00","274,821.00"
RE5AOMZ5DZ,2025-02-22 00:00:00,Customer Payment from Mary Wanjiku,Completed,"4,826.00",,"279,647.00"
O5WBA7XZU2,2025-02-23 00:00:00,Rent Payment Commercial Property,Completed,,"44,074.00","235,573.00"
F0RUO80CXC,2025-02-23 00:00:00,Internet Bill Safaricom,Completed,,"1,719.00","233,854.00"
NNL0VRHNUT,2025-02-23 00:00:00,Electricity Token KenyaPower,Completed,,"3,862.00","229,992.00"
MH9TRKUE61,2025-02-24 00:00:00,Withdraw Cash Agent,Completed,,"3,292.00","226,700.00"
FR6IJA6XZQ,2025-02-25 00:00:00,Rent Payment Commercial Property,Completed,,"47,838.00","178,862.00"
S18QV23Y59,2025-02-25 00:00:00,Electricity Token KenyaPower,Completed,,491.00,"178,371.00"
LNLLVVET04,2025-02-26 00:00:00,Withdraw Cash Agent,Completed,,"16,085.00","162,286.00"
F0IBFQFT7Z,2025-02-27 00:00:00,Customer Payment from John Kamau,Completed,"23,088.00",,"185,374.00"
RL1C9L65H7,2025-02-28 00:00:00,Customer Payment from Robert Maina,Completed,"13,450.00",,"198,824.00"
N16LWD8CSR,2025-03-01 00:00:00,Google Ads Payment,Completed,,"14,997.00","183,827.00"
KDCWDE0WS3,2025-03-02 00:00:00,Withdraw Cash Agent,Completed,,"17,382.00","166,445.00"
NQHRVZXU31,2025-03-03 00:00:00,Business Payment from Samson Kiprop,Completed,"8,398.00",,"174,843.00"
D3EAH83BP7,2025-03-04 00:00:00,Internet Bill Safaricom,Completed,,769.00,"174,074.00"
FI8LGQD98S,2025-03-04 00:00:00,Electricity Token KenyaPower,Completed,,"4,690.00","169,384.00"
2GN197GBFG,2025-03-05 00:00:00,Customer Payment from John Kamau,Completed,"22,101.00",,"191,485.00"
AJKF7BS483,2025-03-05 00:00:00,Transfer from David Otieno,Completed,"1,445.00",,"192,930.00"
MG3VV0SZ8S,2025-03-05 00:00:00,Till Payment from Alice Ochieng,Failed,,,"192,930.00"
NRMQJ5PRAR,2025-03-05 00:00:00,Supplier Payment Nairobi Wholesale,Completed,,"13,476.00","179,454.00"
GEVOJF0APL,2025-03-06 00:00:00,Safaricom Airtime Purchase,Completed,,318.00,"179,136.00"
DLNZP1YQT3,2025-03-06 00:00:00,Lipa Na M-Pesa from Grace Njoroge,Completed,"2,448.00",,"181,584.00"
F17IATPJ05,2025-03-07 00:00:00,Google Ads Payment,Completed,,"9,402.00","172,182.00"
6GPTJPJC8B,2025-03-07 00:00:00,Rent Payment Commercial Property,Completed,,"52,039.00","120,143.00"
UTE5SJCJVV,2025-03-07 00:00:00,Supplier Payment Nairobi Wholesale,Completed,,"43,922.00","76,221.00"
MN2QUPAUQL,2025-03-07 00:00:00,Wholesale Order Payment from Joyce,Completed,"53,559.00",,"129,780.00"
L2WCL3FGWS,2025-03-08 00:00:00,Business Payment from Samson Kiprop,Completed,"22,080.00",,"151,860.00"
6D91BUDIED,2025-03-09 00:00:00,Send Money to James Njoroge,Completed,,"3,800.00","148,060.00"
82J08T0NMH,2025-03-10 00:00:00,Business Payment from Samson Kiprop,Completed,"29,471.00",,"177,531.00"
L0S38YCR9E,2025-03-11 00:00:00,Water Bill Nairobi Water,Completed,,947.00,"176,584.00"
2DSBC77BSG,2025-03-11 00:00:00,Supplier Payment Nairobi Wholesale,Completed,,"51,991.00","124,593.00"
6KG1ML2GST,2025-03-11 00:00:00,Google Ads Payment,Completed,,"8,894.00","115,699.00"
82BEU666J0,2025-03-11 00:00:00,Rent Payment Commercial Property,Completed,,"38,258.00","77,441.00"
BZEREISTUX,2025-03-11 00:00:00,Electricity Token KenyaPower,Completed,,"3,748.00","73,693.00"
PIYUIKESZC,2025-03-12 00:00:00,Transfer from David Otieno,Completed,"13,062.00",,"86,755.00"
X8N3R1P7N8,2025-03-13 00:00:00,Customer Payment from Mary Wanjiku,Completed,"3,755.00",,"90,510.00"
T7TB1XDKJZ,2025-03-13 00:00:00,Staff Salary Disbursement,Completed,,"14,896.00","75,614.00"
THEYXUOVFU,2025-03-14 00:00:00,Send Money to James Njoroge,Completed,,"8,852.00","66,762.00"
0ZP7WB5P68,2025-03-15 00:00:00,Customer Refund to Susan Achieng,Completed,,"4,045.00","62,717.00"
YTLMNB0QVX,2025-03-16 00:00:00,Safaricom Airtime Purchase,Completed,,393.00,"62,324.00"
9DW4BN6FQE,2025-03-16 00:00:00,Internet Bill Safaricom,Completed,,"2,942.00","59,382.00"
9TYPE7XRMA,2025-03-17 00:00:00,Lipa Na M-Pesa from Grace Njoroge,Completed,"3,195.00",,"62,577.00"
3K4L6OBI9P,2025-03-18 00:00:00,Send Money to James Njoroge,Completed,,"3,443.00","59,134.00"
L96G2KJ46O,2025-03-18 00:00:00,Customer Payment from John Kamau,Completed,"3,349.00",,"62,483.00"
BYSM2QWDXE,2025-03-19 00:00:00,Customer Payment from Mary Wanjiku,Completed,"10,261.00",,"72,744.00"
R3D5BWANZR,2025-03-20 00:00:00,Business Payment from Samson Kiprop,Completed,"2,045.00",,"74,789.00"
KSK8BD0U91,2025-03-21 00:00:00,Water Bill Nairobi Water,Failed,,,"74,789.00"
8UD8A4SR1D,2025-03-22 00:00:00,Wholesale Order Payment from Joyce,Completed,"15,052.00",,"89,841.00"
4JUCL23QNX,2025-03-23 00:00:00,Internet Bill Safaricom,Completed,,"1,574.00","88,267.00"
I9TAPQ0XBH,2025-03-23 00:00:00,Customer Refund to Susan Achieng,Completed,,"3,123.00","85,144.00"
EVL47LRP3D,2025-03-23 00:00:00,Transfer from David Otieno,Failed,,,"85,144.00"
XL9E7NOORF,2025-03-24 00:00:00,Electricity Token KenyaPower,Failed,,,"85,144.00"
2GNG3UYLG0,2025-03-25 00:00:00,Till Payment from Alice Ochieng,Failed,,,"85,144.00"
U7U3ZC5KWJ,2025-03-26 00:00:00,Business Payment from Samson Kiprop,Failed,,,"85,144.00"
J4UYO0GLA9,2025-03-27 00:00:00,Wholesale Order Payment from Joyce,Completed,"36,223.00",,"121,367.00"
VMKBH8SAOF,2025-03-28 00:00:00,Staff Salary Disbursement,Completed,,"19,641.00","101,726.00"
80N3RLBRYR,2025-03-28 00:00:00,Rent Payment Commercial Property,Completed,,"19,093.00","82,633.00"
7OLV4KURBC,2025-03-28 00:00:00,Water Bill Nairobi Water,Completed,,777.00,"81,856.00"
5OCW3LUBKA,2025-03-29 00:00:00,Rent Payment Commercial Property,Completed,,"31,584.00","50,272.00"
DOTU5MY62Q,2025-03-30 00:00:00,Customer Payment from Mary Wanjiku,Failed,,,"50,272.00"
Z7YE25N6B4,2025-03-30 00:00:00,Till Payment from Peter Mwangi,Completed,"4,141.00",,"54,413.00"
H9HAZBSPWV,2025-03-30 00:00:00,Till Payment from Peter Mwangi,Completed,"5,132.00",,"59,545.00"
K997JDOD46,2025-03-31 00:00:00,Supplier Payment Nairobi Wholesale,Completed,,"36,656.00","22,889.00"
5YW3R1K68T,2025-03-31 00:00:00,Send Money to James Njoroge,Completed,,"3,037.00","19,852.00"
815AXP0U94,2025-04-01 00:00:00,Rent Payment Commercial Property,Completed,,"17,015.00","2,837.00"
GXWIMB3X9F,2025-04-01 00:00:00,Internet Bill Safaricom,Completed,,"2,405.00",432.00
F27S5WL56I,2025-04-02 00:00:00,Lipa Na M-Pesa from Grace Njoroge,Completed,"2,824.00",,"3,256.00"
QKVHYJFYQX,2025-04-02 00:00:00,Till Payment from Alice Ochieng,Completed,"4,309.00",,"7,565.00"
2Z7LUTD49T,2025-04-02 00:00:00,Top Up from M-Pesa,Completed,"2,552.00",,"10,069.00"
OH0U0KGHKR,2025-04-02 00:00:00,Customer Refund to Susan Achieng,Completed,,742.00,"9,327.00"
EJFQCDCGU8,2025-04-03 00:00:00,Google Ads Payment,Failed,,,"9,327.00"
SG9JCZ16BQ,2025-04-04 00:00:00,Customer Payment from John Kamau,Completed,"5,461.00",,"14,788.00"
3AMTSKDE6A,2025-04-04 00:00:00,Business Payment from Samson Kiprop,Completed,"34,723.00",,"49,511.00"
9BKY2Y9OBB,2025-04-05 00:00:00,Top Up from M-Pesa,Completed,"4,384.00",,"54,143.00"
JMNY3DPV74,2025-04-05 00:00:00,Staff Salary Disbursement,Completed,,"9,269.00","44,874.00"
OOGH56CX11,2025-04-05 00:00:00,Lipa Na M-Pesa from Grace Njoroge,Completed,"1,413.00",,"46,287.00"
HHPBCEMPJX,2025-04-05 00:00:00,Withdraw Cash Agent,Failed,,,"46,287.00"
LVSJAGZ5WR,2025-04-06 00:00:00,Safaricom Airtime Purchase,Completed,,187.00,"46,100.00"
J7R90PE2VI,2025-04-07 00:00:00,Rent Payment Commercial Property,Completed,,"35,918.00","10,182.00"
ES1VYQGG2Q,2025-04-08 00:00:00,Wholesale Order Payment from Joyce,Completed,"78,422.00",,"88,604.00"
QILETYZGOF,2025-04-09 00:00:00,Staff Salary Disbursement,Completed,,"18,327.00","70,277.00"
DTZAQ1IAS8,2025-04-10 00:00:00,Transfer from David Otieno,Completed,"13,345.00",,"83,622.00"
XTIMWRJQP5,2025-04-10 00:00:00,Safaricom Airtime Purchase,Completed,,81.00,"83,541.00"
8511S2NW3A,2025-04-10 00:00:00,Business Payment from Samson Kiprop,Completed,"37,799.00",,"121,340.00"
A72YR4UWSR,2025-04-10 00:00:00,Electricity Token KenyaPower,Completed,,920.00,"120,420.00"
6Y1SNSM8ZK,2025-04-10 00:00:00,Send Money to James Njoroge,Completed,,"7,796.00","112,624.00"
B7HPAGRA6A,2025-04-10 00:00:00,Lipa Na M-Pesa from Grace Njoroge,Failed,,,"112,624.00"
O1ZW1PYFN5,2025-04-10 00:00:00,Send Money to James Njoroge,Completed,,"8,539.00","104,085.00"
C9N7TVM467,2025-04-11 00:00:00,Google Ads Payment,Completed,,"7,358.00","96,727.00"
A6CBXXOIV2,2025-04-12 00:00:00,Send Money to James Njoroge,Completed,,"2,873.00","93,854.00"
CCEJSKBU6F,2025-04-13 00:00:00,Customer Payment from Mary Wanjiku,Completed,"8,755.00",,"102,609.00"
XNKLPGMW2T,2025-04-13 00:00:00,Water Bill Nairobi Water,Completed,,"1,495.00","101,114.00"
2ELDW8WBUW,2025-04-14 00:00:00,Rent Payment Commercial Property,Failed,,,"101,114.00"
H9KZWCI838,2025-04-15 00:00:00,Supplier Payment Nairobi Wholesale,Completed,,"43,192.00","57,922.00"
UB23G21EKD,2025-04-15 00:00:00,Customer Refund to Susan Achieng,Completed,,"2,315.00","55,607.00"
E9EJWRTQ2V,2025-04-15 00:00:00,Business Payment from Samson Kiprop,Completed,"36,157.00",,"91,764.00"
2DAL0Z7XIM,2025-04-16 00:00:00,Internet Bill Safaricom,Completed,,"1,400.00","90,364.00"
Z0U304HRNX,2025-04-16 00:00:00,Electricity Token KenyaPower,Completed,,"4,039.00","86,325.00"
GVUT55UM8F,2025-04-16 00:00:00,Water Bill Nairobi Water,Failed,,,"86,325.00"
KIDBBCHT1H,2025-04-17 00:00:00,Send Money to James Njoroge,Completed,,"6,184.00","80,141.00"
B85QUT3ANY,2025-04-17 00:00:00,Water Bill Nairobi Water,Completed,,"1,308.00","78,833.00"
HVWXIP0EK5,2025-04-18 00:00:00,Wholesale Order Payment from Joyce,Failed,,,"78,833.00"
6OBJ87NRMB,2025-04-18 00:00:00,Withdraw Cash Agent,Completed,,"9,427.00","69,406.00"
2IRRNMKV04,2025-04-18 00:00:00,Internet Bill Safaricom,Completed,,"1,857.00","67,549.00"
JQAMOODLMD,2025-04-18 00:00:00,Water Bill Nairobi Water,Completed,,"1,039.00","66,510.00"
ANUSPB0Z5V,2025-04-19 00:00:00,Transfer from David Otieno,Completed,897.00,,"67,407.00"
XFY88G58TT,2025-04-20 00:00:00,Transfer from David Otieno,Completed,"5,008.00",,"72,415.00"
O6MZ17LCIM,2025-04-20 00:00:00,Customer Payment from John Kamau,Completed,"19,229.00",,"91,644.00"
8D5OHLQJW8,2025-04-20 00:00:00,Customer Payment from Mary Wanjiku,Completed,"10,127.00",,"101,771.00"
LX6SL0FRMM,2025-04-20 00:00:00,Staff Salary Disbursement,Completed,,"12,640.00","89,131.00"
XY9PXN3399,2025-04-20 00:00:00,Transfer from David Otieno,Completed,"11,550.00",,"100,681.00"
9F0JLDE4CG,2025-04-21 00:00:00,Safaricom Airtime Purchase,Completed,,246.00,"100,435.00"
P2FBYGKV2P,2025-04-22 00:00:00,Customer Payment from John Kamau,Completed,"13,328.00",,"113,763.00"
9BGVL9GS0D,2025-04-22 00:00:00,Water Bill Nairobi Water,Failed,,,"113,763.00"
HDFQ3MTR90,2025-04-23 00:00:00,Staff Salary Disbursement,Completed,,"6,841.00","106,922.00"
QI8ZUB4L7P,2025-04-24 00:00:00,Google Ads Payment,Completed,,"6,550.00","100,372.00"
8XJB8I3MKQ,2025-04-24 00:00:00,Google Ads Payment,Completed,,"3,775.00","96,597.00"
EVHDH4BPIW,2025-04-24 00:00:00,Wholesale Order Payment from Joyce,Completed,"59,073.00",,"155,670.00"
Y6FL8X1BZ8,2025-04-24 00:00:00,Internet Bill Safaricom,Completed,,"2,830.00","152,840.00"
S43BOS4A31,2025-04-24 00:00:00,Lipa Na M-Pesa from Grace Njoroge,Completed,"1,955.00",,"154,795.00"
A0BFACR31H,2025-04-24 00:00:00,Staff Salary Disbursement,Completed,,"10,616.00","144,179.00"
PWB74878H7,2025-04-24 00:00:00,Wholesale Order Payment from Joyce,Completed,"31,381.00",,"175,560.00"
03NWI40YE5,2025-04-24 00:00:00,Till Payment from Peter Mwangi,Completed,"1,642.00",,"177,202.00"
O98GW4JDYJ,2025-04-25 00:00:00,Electricity Token KenyaPower,Completed,,"2,505.00","174,697.00"
XSHLA5TAUC,2025-04-26 00:00:00,Rent Payment Commercial Property,Failed,,,"174,697.00"
4K5AF7M2BG,2025-04-27 00:00:00,Rent Payment Commercial Property,Completed,,"56,615.00","118,082.00"
I7JKDGAKV0,2025-04-27 00:00:00,Send Money to James Njoroge,Completed,,"3,634.00","114,448.00"
IZRXSYD58W,2025-04-27 00:00:00,Customer Refund to Susan Achieng,Completed,,"3,446.00","111,002.00"
LKFKR7M226,2025-04-27 00:00:00,Electricity Token KenyaPower,Completed,,"4,192.00","106,810.00"
3C889F365R,2025-04-28 00:00:00,Withdraw Cash Agent,Completed,,"6,754.00","100,056.00"
3W2BQP4DXA,2025-04-28 00:00:00,Rent Payment Commercial Property,Completed,,"47,199.00","52,857.00"
S8GUORTBEW,2025-04-29 00:00:00,Safaricom Airtime Purchase,Completed,,110.00,"52,747.00"
JVQ0JSRNE8,2025-04-30 00:00:00,Customer Payment from Mary Wanjiku,Completed,"3,642.00",,"56,389.00"
OOWPLZMOBB,2025-04-30 00:00:00,Water Bill Nairobi Water,Completed,,"1,119.00","55,270.00"
Q7VTWFJ2KT,2025-05-01 00:00:00,Transfer from David Otieno,Completed,"5,633.00",,"60,903.00"
WSIMIE93LY,2025-05-01 00:00:00,Customer Payment from Mary Wanjiku,Completed,"4,650.00",,"65,553.00"
7RHRCJZFU1,2025-05-02 00:00:00,Electricity Token KenyaPower,Failed,,,"65,553.00"
GIAJ0XT0A3,2025-05-02 00:00:00,Business Payment from Samson Kiprop,Completed,"23,299.00",,"88,852.00"
1DTTHUO4O5,2025-05-03 00:00:00,Business Payment from Samson Kiprop,Completed,"17,147.00",,"105,999.00"
GZ2GPW1MXY,2025-05-04 00:00:00,Google Ads Payment,Completed,,"3,443.00","102,556.00"
Z8SLJQO9J2,2025-05-05 00:00:00,Internet Bill Safaricom,Completed,,"2,148.00","100,408.00"
I48X01T4CZ,2025-05-06 00:00:00,Wholesale Order Payment from Joyce,Completed,"118,930.00",,"219,338.00"
GS5ZS4TK9J,2025-05-06 00:00:00,Customer Refund to Susan Achieng,Completed,,"4,025.00","215,313.00"
T21NBMTCNQ,2025-05-07 00:00:00,Electricity Token KenyaPower,Completed,,"4,268.00","211,045.00"
CVFFMG4IVY,2025-05-08 00:00:00,Withdraw Cash Agent,Completed,,"3,800.00","207,245.00"
0T4HIVTNON,2025-05-09 00:00:00,Wholesale Order Payment from Joyce,Completed,"47,692.00",,"254,937.00"
L38NH2LTUM,2025-05-10 00:00:00,Google Ads Payment,Completed,,"12,755.00","242,182.00"
D28HZD2EXK,2025-05-11 00:00:00,Wholesale Order Payment from Joyce,Completed,"110,780.00",,"352,962.00"
H9ILEXWORA,2025-05-12 00:00:00,Withdraw Cash Agent,Completed,,"13,872.00","339,090.00"
K0HWRJR3BC,2025-05-12 00:00:00,Till Payment from Peter Mwangi,Completed,"6,947.00",,"346,037.00"
452ZDYFFTT,2025-05-13 00:00:00,Send Money to James Njoroge,Completed,,"4,403.00","341,634.00"
7N4RTHK8LC,2025-05-14 00:00:00,Electricity Token KenyaPower,Completed,,"1,481.00","340,153.00"
ZS0Q28K6OW,2025-05-14 00:00:00,Electricity Token KenyaPower,Completed,,535.00,"339,618.00"
9U4J13F8UN,2025-05-15 00:00:00,Staff Salary Disbursement,Completed,,"14,669.00","324,949.00"
9NMTOBPKFN,2025-05-16 00:00:00,Supplier Payment Nairobi Wholesale,Completed,,"52,881.00","272,068.00"
MT43CEETT4,2025-05-17 00:00:00,Wholesale Order Payment from Joyce,Failed,,,"272,068.00"
SFUWY9QXE1,2025-05-18 00:00:00,Send Money to James Njoroge,Completed,,"9,538.00","262,530.00"
QN2IUGAX37,2025-05-18 00:00:00,Transfer from David Otieno,Completed,"17,440.00",,"279,970.00"
8CPISYZD00,2025-05-19 00:00:00,Supplier Payment Nairobi Wholesale,Completed,,"66,613.00","213,357.00"
QPMM9N65Q8,2025-05-20 00:00:00,Safaricom Airtime Purchase,Completed,,465.00,"212,892.00"
FKLLE2WUEQ,2025-05-21 00:00:00,Customer Payment from Mary Wanjiku,Completed,702.00,,"213,594.00"
B1G0B61KBN,2025-05-22 00:00:00,Staff Salary Disbursement,Completed,,"18,866.00","194,728.00"
UB4DTO2I00,2025-05-23 00:00:00,Safaricom Airtime Purchase,Completed,,474.00,"194,254.00"
EO9E0WBG1O,2025-05-23 00:00:00,Customer Payment from Mary Wanjiku,Failed,,,"194,254.00"
NMNAK9CH9V,2025-05-24 00:00:00,Safaricom Airtime Purchase,Failed,,,"194,254.00"
4M9KTWAQLL,2025-05-25 00:00:00,Transfer from David Otieno,Completed,"6,611.00",,"200,865.00"
TWN97VZPBX,2025-05-25 00:00:00,Business Payment from Samson Kiprop,Completed,"39,718.00",,"240,583.00"
5YOUNN25X4,2025-05-26 00:00:00,Internet Bill Safaricom,Completed,,"2,982.00","237,601.00"
ZSUH6YZXQS,2025-05-26 00:00:00,Send Money to James Njoroge,Completed,,"5,025.00","232,576.00"
STBGP69BN1,2025-05-27 00:00:00,Google Ads Payment,Failed,,,"232,576.00"
MXFF1KLE8G,2025-05-28 00:00:00,Customer Payment from Mary Wanjiku,Completed,"5,627.00",,"238,203.00"
38OD4X2C79,2025-05-28 00:00:00,Customer Payment from John Kamau,Completed,"6,477.00",,"244,680.00"
Y3PHAHLQFX,2025-05-28 00:00:00,Till Payment from Peter Mwangi,Completed,"4,469.00",,"249,149.00"
49B93YYYHT,2025-05-29 00:00:00,Internet Bill Safaricom,Completed,,"2,305.00","246,844.00"
087VWRLP0P,2025-05-29 00:00:00,Withdraw Cash Agent,Completed,,"11,358.00","235,486.00"
B77JD935TQ,2025-05-30 00:00:00,Customer Payment from Robert Maina,Failed,,,"235,486.00"
HWN8E906E3,2025-05-30 00:00:00,Withdraw Cash Agent,Completed,,"3,494.00","231,992.00"
B49YOREJWN,2025-05-31 00:00:00,Till Payment from Alice Ochieng,Completed,"4,279.00",,"236,271.00"
K3G2ZIQ7G4,2025-05-31 00:00:00,Water Bill Nairobi Water,Completed,,730.00,"235,541.00"
4OTF8V1SBS,2025-05-31 00:00:00,Water Bill Nairobi Water,Completed,,"1,016.00","234,525.00"
OJJTXJP0AL,2025-06-01 00:00:00,Customer Payment from Mary Wanjiku,Failed,,,"234,525.00"
2T7KLWSQUX,2025-06-02 00:00:00,Electricity Token KenyaPower,Failed,,,"234,525.00"
AL6U635PBA,2025-06-03 00:00:00,Customer Payment from Mary Wanjiku,Completed,"9,251.00",,"243,776.00"
FNKECZ8QTR,2025-06-03 00:00:00,Till Payment from Peter Mwangi,Completed,"2,745.00",,"246,521.00"
6ZJPZOPI08,2025-06-03 00:00:00,Safaricom Airtime Purchase,Completed,,117.00,"246,404.00"
BOZMW8MXH5,2025-06-04 00:00:00,Send Money to James Njoroge,Completed,,"1,191.00","245,213.00"
TL6SSLIL19,2025-06-04 00:00:00,Till Payment from Alice Ochieng,Completed,"6,151.00",,"251,364.00"
FD0JL86M9G,2025-06-05 00:00:00,Till Payment from Peter Mwangi,Completed,"8,344.00",,"259,708.00"
VF4TUZJEBC,2025-06-05 00:00:00,Withdraw Cash Agent,Completed,,"2,587.00","257,121.00"
4XL0DSYPLZ,2025-06-05 00:00:00,Transfer from David Otieno,Completed,"13,092.00",,"270,213.00"
1OFMPSAZME,2025-06-06 00:00:00,Google Ads Payment,Completed,,"6,791.00","263,422.00"
Q4DKDAM2IH,2025-06-06 00:00:00,Electricity Token KenyaPower,Completed,,"1,542.00","261,880.00"
N6157RMD3Z,2025-06-07 00:00:00,Customer Payment from Mary Wanjiku,Completed,"9,984.00",,"271,864.00"
BFM0AQXJO5,2025-06-07 00:00:00,Staff Salary Disbursement,Completed,,"20,350.00","251,514.00"
FN1VX48VZ1,2025-06-08 00:00:00,Till Payment from Alice Ochieng,Completed,"6,244.00",,"257,758.00"
Q6Q0280I0S,2025-06-09 00:00:00,Customer Refund to Susan Achieng,Completed,,"2,162.00","255,596.00"
TRZ8RECHQ1,2025-06-10 00:00:00,Internet Bill Safaricom,Completed,,"2,930.00","252,666.00"
G872LXW5EZ,2025-06-10 00:00:00,Staff Salary Disbursement,Completed,,"22,284.00","230,382.00"
W0DH38BQ36,2025-06-10 00:00:00,Electricity Token KenyaPower,Completed,,"4,840.00","225,542.00"
MAZMASSTKJ,2025-06-10 00:00:00,Business Payment from Samson Kiprop,Completed,"20,524.00",,"246,066.00"
6SQTB69LM1,2025-06-11 00:00:00,Lipa Na M-Pesa from Grace Njoroge,Completed,"3,185.00",,"249,251.00"
UL7R7T4M60,2025-06-12 00:00:00,Google Ads Payment,Completed,,"4,678.00","244,573.00"
YXMHPKPD9M,2025-06-13 00:00:00,Rent Payment Commercial Property,Completed,,"43,262.00","201,311.00"
VZJFL0HN8P,2025-06-14 00:00:00,Customer Payment from Robert Maina,Completed,"10,820.00",,"212,131.00"
5RMDV0RVZP,2025-06-14 00:00:00,Wholesale Order Payment from Joyce,Completed,"49,887.00",,"262,018.00"
JBCFCXSD8X,2025-06-15 00:00:00,Till Payment from Alice Ochieng,Completed,"2,753.00",,"264,771.00"
CC64W09I33,2025-06-15 00:00:00,Water Bill Nairobi Water,Completed,,996.00,"263,775.00"
83DB4ZCN04,2025-06-16 00:00:00,Google Ads Payment,Completed,,"4,650.00","259,125.00"
Z05L3Y27M8,2025-06-17 00:00:00,Withdraw Cash Agent,Failed,,,"259,125.00"
S078O35P89,2025-06-18 00:00:00,Send Money to James Njoroge,Completed,,"1,173.00","257,952.00"
LWR47JIZB5,2025-06-19 00:00:00,Customer Payment from Mary Wanjiku,Completed,"14,316.00",,"272,268.00"
J1ORPLFUML,2025-06-19 00:00:00,Transfer from David Otieno,Completed,"3,430.00",,"275,698.00"
OS9Q16HWH1,2025-06-20 00:00:00,Till Payment from Peter Mwangi,Completed,"2,450.00",,"278,148.00"
LEAJIGRXIJ,2025-06-20 00:00:00,Internet Bill Safaricom,Completed,,"2,017.00","276,131.00"
DJRIKKMBB4,2025-06-20 00:00:00,Electricity Token KenyaPower,Completed,,"2,462.00","273,669.00"
M09VBH387Z,2025-06-21 00:00:00,Business Payment from Samson Kiprop,Completed,"24,835.00",,"298,504.00"
R0F0EK4KU3,2025-06-21 00:00:00,Supplier Payment Nairobi Wholesale,Failed,,,"298,504.00"
K8KC14WCV7,2025-06-21 00:00:00,Google Ads Payment,Completed,,"6,519.00","291,985.00"
XMKKAN2JE0,2025-06-22 00:00:00,Send Money to James Njoroge,Completed,,"5,638.00","286,347.00"
SCWO5ZGSVH,2025-06-23 00:00:00,Transfer from David Otieno,Completed,"6,959.00",,"293,306.00"
HN1RZESOWG,2025-06-23 00:00:00,Till Payment from Peter Mwangi,Completed,"9,040.00",,"302,346.00"
MKHMOY4KTY,2025-06-24 00:00:00,Wholesale Order Payment from Joyce,Completed,"100,082.00",,"402,428.00"
NZZ6W6R7HY,2025-06-25 00:00:00,Customer Payment from John Kamau,Completed,"9,366.00",,"411,794.00"
4YHW1B7J90,2025-06-26 00:00:00,Transfer from David Otieno,Completed,"2,935.00",,"414,729.00"
VRNS33LGBA,2025-06-27 00:00:00,Google Ads Payment,Completed,,"14,172.00","400,557.00"
SFOOOV3QK0,2025-06-27 00:00:00,Till Payment from Alice Ochieng,Completed,"7,245.00",,"407,802.00"
5D53ENC21E,2025-06-28 00:00:00,Lipa Na M-Pesa from Grace Njoroge,Completed,846.00,,"408,648.00"
4QB221NNWX,2025-06-28 00:00:00,Send Money to James Njoroge,Failed,,,"408,648.00"
GFWVSKBHFW,2025-06-29 00:00:00,Electricity Token KenyaPower,Completed,,"4,679.00","403,969.00"
O686Q72RCM,2025-06-29 00:00:00,Customer Refund to Susan Achieng,Completed,,"3,796.00","400,173.00"
8BTCJNHTPS,2025-06-30 00:00:00,Customer Payment from Robert Maina,Completed,"16,661.00",,"416,834.00"
N4FJ24SZ0T,2025-07-01 00:00:00,Transfer from David Otieno,Completed,978.00,,"417,812.00"
8P44294IDD,2025-07-01 00:00:00,Rent Payment Commercial Property,Completed,,"36,633.00","381,179.00"
D64U8US1C2,2025-07-01 00:00:00,Withdraw Cash Agent,Completed,,"17,548.00","363,631.00"
IYME8X614W,2025-07-01 00:00:00,Wholesale Order Payment from Joyce,Completed,"15,758.00",,"379,389.00"
94CBSAU53J,2025-07-02 00:00:00,Wholesale Order Payment from Joyce,Failed,,,"379,389.00"
QK283W7QGR,2025-07-03 00:00:00,Safaricom Airtime Purchase,Completed,,181.00,"379,208.00"
CW382072WD,2025-07-04 00:00:00,Water Bill Nairobi Water,Failed,,,"379,208.00"
WBS3BNAOGP,2025-07-05 00:00:00,Withdraw Cash Agent,Completed,,"12,229.00","366,979.00"
P64MXQNHUF,2025-07-06 00:00:00,Lipa Na M-Pesa from Grace Njoroge,Completed,"1,143.00",,"368,122.00"
86HXBK5KN0,2025-07-07 00:00:00,Withdraw Cash Agent,Failed,,,"368,122.00"
FBRVH53DB5,2025-07-07 00:00:00,Till Payment from Alice Ochieng,Completed,"4,049.00",,"372,171.00"
JANPUJESMI,2025-07-07 00:00:00,Staff Salary Disbursement,Failed,,,"372,171.00"
LCZO21U0H7,2025-07-08 00:00:00,Transfer from David Otieno,Completed,"11,342.00",,"383,513.00"
JFKPR9LZRZ,2025-07-09 00:00:00,Staff Salary Disbursement,Completed,,"16,580.00","366,933.00"
H25M3SQ8M8,2025-07-09 00:00:00,Transfer from David Otieno,Completed,"4,213.00",,"371,146.00"
QH7GIBBX2S,2025-07-10 00:00:00,Staff Salary Disbursement,Completed,,"27,994.00","343,152.00"
EEIC3YBQV2,2025-07-10 00:00:00,Customer Payment from Robert Maina,Completed,"14,727.00",,"357,879.00"
N3CF8EC8YZ,2025-07-10 00:00:00,Rent Payment Commercial Property,Completed,,"27,496.00","330,383.00"
TQFPJLZN04,2025-07-10 00:00:00,Water Bill Nairobi Water,Completed,,821.00,"329,562.00"
TNVA4CRVSD,2025-07-11 00:00:00,Lipa Na M-Pesa from Grace Njoroge,Completed,"3,031.00",,"332,593.00"
YWYQ7QXRO9,2025-07-11 00:00:00,Google Ads Payment,Completed,,"2,220.00","330,373.00"
Z6T23F5EU6,2025-07-11 00:00:00,Transfer from David Otieno,Completed,"4,518.00",,"334,891.00"
DMILPZZOOZ,2025-07-12 00:00:00,Safaricom Airtime Purchase,Completed,,61.00,"334,830.00"
N3KHAWW77G,2025-07-13 00:00:00,Customer Payment from Robert Maina,Completed,"15,969.00",,"350,799.00"
1CP0I7I7CI,2025-07-14 00:00:00,Google Ads Payment,Failed,,,"350,799.00"
AXD7XV0E1A,2025-07-15 00:00:00,Transfer from David Otieno,Completed,"11,647.00",,"362,446.00"
A96QWS38OE,2025-07-16 00:00:00,Safaricom Airtime Purchase,Completed,,430.00,"362,016.00"
DYCXKXCAR5,2025-07-16 00:00:00,Customer Payment from John Kamau,Completed,"24,466.00",,"386,482.00"
EH9FTWKAKK,2025-07-17 00:00:00,Internet Bill Safaricom,Completed,,679.00,"385,803.00"
HM73KIWLJ6,2025-07-17 00:00:00,Customer Payment from John Kamau,Completed,"5,024.00",,"390,827.00"
H3ORWNDFYB,2025-07-17 00:00:00,Rent Payment Commercial Property,Completed,,"37,955.00","352,872.00"
AQ2UONHP94,2025-07-17 00:00:00,Lipa Na M-Pesa from Grace Njoroge,Completed,"2,069.00",,"354,941.00"
P631OOE8MK,2025-07-18 00:00:00,Supplier Payment Nairobi Wholesale,Completed,,"31,723.00","323,218.00"
GPZND7I2JQ,2025-07-19 00:00:00,Transfer from David Otieno,Completed,"2,381.00",,"325,599.00"
X269TWZ2DB,2025-07-19 00:00:00,Transfer from David Otieno,Completed,"3,928.00",,"329,527.00"
SYB03B6F3Y,2025-07-19 00:00:00,Staff Salary Disbursement,Completed,,"14,029.00","315,498.00"
QEJ9MPEKIR,2025-07-20 00:00:00,Customer Payment from Robert Maina,Completed,"10,384.00",,"325,882.00"
WZ6IXUL2FY,2025-07-20 00:00:00,Lipa Na M-Pesa from Grace Njoroge,Completed,"1,123.00",,"327,005.00"
KAG24RL3OT,2025-07-20 00:00:00,Send Money to James Njoroge,Completed,,"3,328.00","323,677.00"
LSQWMVCCR2,2025-07-21 00:00:00,Withdraw Cash Agent,Completed,,"10,664.00","313,013.00"
K8D9OXMQ2V,2025-07-21 00:00:00,Safaricom Airtime Purchase,Completed,,447.00,"312,566.00"
GKT5OGZPEW,2025-07-22 00:00:00,Till Payment from Peter Mwangi,Completed,"9,982.00",,"322,548.00"
ZBV1U15P3D,2025-07-22 00:00:00,Till Payment from Alice Ochieng,Completed,"1,922.00",,"324,470.00"
RUYL83FD0N,2025-07-22 00:00:00,Customer Payment from Mary Wanjiku,Completed,"2,180.00",,"326,650.00"
TGTRZYFAGF,2025-07-23 00:00:00,Customer Payment from Mary Wanjiku,Completed,"3,569.00",,"330,219.00"
ZA0E8LP3PZ,2025-07-24 00:00:00,Withdraw Cash Agent,Completed,,"19,697.00","310,522.00"
6EUC4SMC7Q,2025-07-24 00:00:00,Till Payment from Peter Mwangi,Completed,"8,291.00",,"318,813.00"
IKVZ66S2DP,2025-07-24 00:00:00,Safaricom Airtime Purchase,Completed,,354.00,"318,459.00"
Q2IKXZ9AKD,2025-07-24 00:00:00,Safaricom Airtime Purchase,Completed,,58.00,"318,401.00"
LQ0YMLK60H,2025-07-25 00:00:00,Customer Payment from Robert Maina,Failed,,,"318,401.00"
GV34D219X3,2025-07-26 00:00:00,Google Ads Payment,Completed,,"9,815.00","308,586.00"
M6VPDYVE52,2025-07-27 00:00:00,Supplier Payment Nairobi Wholesale,Completed,,"33,723.00","274,863.00"
SU1OS3C22I,2025-07-27 00:00:00,Supplier Payment Nairobi Wholesale,Completed,,"56,197.00","218,666.00"
V9AFH8PUHG,2025-07-28 00:00:00,Withdraw Cash Agent,Completed,,"11,405.00","207,261.00"
9B1W7C9MWI,2025-07-29 00:00:00,Wholesale Order Payment from Joyce,Completed,"51,392.00",,"258,653.00"
RDDCKWDOLL,2025-07-30 00:00:00,Rent Payment Commercial Property,Completed,,"19,371.00","239,282.00"
G0NDQN8S1V,2025-07-31 00:00:00,Transfer from David Otieno,Completed,"9,544.00",,"248,826.00"
Z9H0OXQNS1,2025-08-01 00:00:00,Till Payment from Peter Mwangi,Completed,"8,636.00",,"257,462.00"
IZ4BIBONSV,2025-08-02 00:00:00,Withdraw Cash Agent,Completed,,"13,391.00","244,071.00"
DD4VNX0Q5K,2025-08-02 00:00:00,Rent Payment Commercial Property,Completed,,"15,657.00","228,414.00"
6YOIPMN9RJ,2025-08-02 00:00:00,Staff Salary Disbursement,Completed,,"15,117.00","213,297.00"
SNC1WOEE1B,2025-08-02 00:00:00,Till Payment from Peter Mwangi,Completed,"6,775.00",,"220,072.00"
QBXUU8JGEH,2025-08-03 00:00:00,Customer Refund to Susan Achieng,Completed,,"3,277.00","216,795.00"
OQ7HHLRZMX,2025-08-03 00:00:00,Staff Salary Disbursement,Completed,,"23,048.00","193,747.00"
F0QQUC779S,2025-08-04 00:00:00,Safaricom Airtime Purchase,Completed,,491.00,"193,256.00"
5QN8RU4JV7,2025-08-05 00:00:00,Transfer from David Otieno,Completed,"4,299.00",,"197,555.00"
NQ86IJJ3UE,2025-08-05 00:00:00,Wholesale Order Payment from Joyce,Completed,"105,023.00",,"302,578.00"
1HS5QMEQD4,2025-08-05 00:00:00,Rent Payment Commercial Property,Completed,,"31,454.00","271,124.00"
P4DXKWCJOL,2025-08-05 00:00:00,Lipa Na M-Pesa from Grace Njoroge,Completed,"1,971.00",,"273,095.00"
95CR8JETCQ,2025-08-06 00:00:00,Wholesale Order Payment from Joyce,Completed,"87,042.00",,"360,137.00"
Z0BK43NGJ3,2025-08-07 00:00:00,Customer Payment from Mary Wanjiku,Completed,"1,759.00",,"361,896.00"
LTPF8IKQRN,2025-08-08 00:00:00,Water Bill Nairobi Water,Completed,,553.00,"361,343.00"
EX7OJUJ4T1,2025-08-08 00:00:00,Till Payment from Peter Mwangi,Completed,"5,775.00",,"367,118.00"
OLILMQ3C9L,2025-08-09 00:00:00,Transfer from David Otieno,Failed,,,"367,118.00"
C8ZDUS36US,2025-08-09 00:00:00,Transfer from David Otieno,Completed,"17,256.00",,"384,374.00"
2D7KYMW46F,2025-08-09 00:00:00,Customer Payment from Robert Maina,Completed,"17,806.00",,"402,180.00"
5W0O0LWFBG,2025-08-09 00:00:00,Customer Refund to Susan Achieng,Completed,,"4,168.00","398,012.00"
MJYIU306CE,2025-08-10 00:00:00,Wholesale Order Payment from Joyce,Completed,"10,382.00",,"408,394.00"
G03VPERNTA,2025-08-10 00:00:00,Customer Refund to Susan Achieng,Failed,,,"408,394.00"
FT7JBXDQBI,2025-08-10 00:00:00,Water Bill Nairobi Water,Completed,,408.00,"407,986.00"
JFL1WVVCS7,2025-08-10 00:00:00,Customer Payment from Mary Wanjiku,Completed,"14,147.00",,"422,133.00"
THG5R4JTNZ,2025-08-10 00:00:00,Rent Payment Commercial Property,Completed,,"30,084.00","392,049.00"
OQ1ITUJ9XF,2025-08-11 00:00:00,Internet Bill Safaricom,Completed,,"1,258.00","390,791.00"
FB0QB7PDSV,2025-08-11 00:00:00,Transfer from David Otieno,Completed,"12,120.00",,"402,911.00"
CMN1K6COO2,2025-08-11 00:00:00,Business Payment from Samson Kiprop,Completed,"42,363.00",,"445,274.00"
XG4YEYSBFU,2025-08-12 00:00:00,Send Money to James Njoroge,Completed,,877.00,"444,397.00"
GXXRC7PLAD,2025-08-12 00:00:00,Water Bill Nairobi Water,Completed,,"1,618.00","442,779.00"
IAL63Q70K9,2025-08-12 00:00:00,Customer Payment from John Kamau,Completed,"13,062.00",,"455,841.00"
V5GGRWNS08,2025-08-13 00:00:00,Electricity Token KenyaPower,Completed,,"3,355.00","452,486.00"
OTGB702YP2,2025-08-13 00:00:00,Internet Bill Safaricom,Completed,,"1,304.00","451,182.00"
UXYIW0AG5N,2025-08-13 00:00:00,Google Ads Payment,Completed,,"11,540.00","439,642.00"
E5451GB903,2025-08-13 00:00:00,Lipa Na M-Pesa from Grace Njoroge,Completed,"2,609.00",,"442,251.00"
0JTZ3YW0ZF,2025-08-14 00:00:00,Customer Refund to Susan Achieng,Completed,,"3,678.00","438,573.00"
8YDAEKX8UF,2025-08-14 00:00:00,Customer Payment from Robert Maina,Completed,"3,203.00",,"441,776.00"
K9CDW6Q3EN,2025-08-14 00:00:00,Customer Payment from Robert Maina,Completed,"6,371.00",,"448,147.00"
K8A4VIURT2,2025-08-15 00:00:00,Safaricom Airtime Purchase,Completed,,483.00,"447,664.00"
YGQ7HGJ1RH,2025-08-16 00:00:00,Customer Payment from Mary Wanjiku,Completed,"9,851.00",,"457,515.00"
HMKLT6HCNZ,2025-08-17 00:00:00,Till Payment from Peter Mwangi,Completed,"5,102.00",,"462,617.00"
S9IRJDD8J4,2025-08-17 00:00:00,Rent Payment Commercial Property,Completed,,"17,705.00","444,912.00"
Z3G48I3LUB,2025-08-18 00:00:00,Customer Refund to Susan Achieng,Completed,,426.00,"444,486.00"
Y7WSHJP10H,2025-08-19 00:00:00,Google Ads Payment,Completed,,"3,493.00","440,993.00"
BAKKE25EL3,2025-08-20 00:00:00,Customer Refund to Susan Achieng,Completed,,996.00,"439,997.00"
OO90B4BZ49,2025-08-20 00:00:00,Business Payment from Samson Kiprop,Completed,"22,231.00",,"462,228.00"
LPWIMXWMY6,2025-08-20 00:00:00,Business Payment from Samson Kiprop,Completed,"17,192.00",,"479,420.00"
5W3MGQ4F72,2025-08-21 00:00:00,Google Ads Payment,Completed,,"2,551.00","476,869.00"
TZAETM8YRI,2025-08-21 00:00:00,Customer Payment from Robert Maina,Completed,"1,350.00",,"478,219.00"
Y9MZAE4AKB,2025-08-22 00:00:00,Customer Payment from Mary Wanjiku,Completed,"2,953.00",,"481,172.00"
A7M0T8BQ6K,2025-08-23 00:00:00,Electricity Token KenyaPower,Completed,,"1,485.00","479,687.00"
15YI1ABV4P,2025-08-23 00:00:00,Google Ads Payment,Completed,,"3,737.00","475,950.00"
W8EZR978VQ,2025-08-23 00:00:00,Transfer from David Otieno,Completed,"6,163.00",,"482,113.00"
YOKNY3YYEJ,2025-08-23 00:00:00,Lipa Na M-Pesa from Grace Njoroge,Completed,"3,021.00",,"485,134.00"
FECUUDQK4Y,2025-08-24 00:00:00,Rent Payment Commercial Property,Completed,,"55,406.00","429,728.00"
00YYGCSI85,2025-08-25 00:00:00,Customer Refund to Susan Achieng,Completed,,"5,000.00","424,728.00"
KGJYXJGDW6,2025-08-26 00:00:00,Transfer from David Otieno,Completed,"13,951.00",,"438,679.00"
9FLVY294BF,2025-08-26 00:00:00,Safaricom Airtime Purchase,Completed,,425.00,"438,254.00"
2ZJXEDLR4P,2025-08-26 00:00:00,Customer Payment from Mary Wanjiku,Completed,"9,294.00",,"447,548.00"
JZ345X539A,2025-08-26 00:00:00,Business Payment from Samson Kiprop,Completed,"27,275.00",,"474,823.00"
W8JM5DP8KL,2025-08-26 00:00:00,Customer Refund to Susan Achieng,Completed,,463.00,"474,360.00"
N00YGOPK9P,2025-08-27 00:00:00,Till Payment from Peter Mwangi,Completed,"2,345.00",,"476,705.00"
NPPXXI309C,2025-08-27 00:00:00,Google Ads Payment,Completed,,"7,776.00","468,929.00"
4F6FRH4CW0,2025-08-28 00:00:00,Lipa Na M-Pesa from Grace Njoroge,Completed,"4,657.00",,"473,586.00"
7J0Q5GZ7Y5,2025-08-29 00:00:00,Supplier Payment Nairobi Wholesale,Completed,,"47,243.00","426,343.00"
C3XAWDCXOC,2025-08-29 00:00:00,Business Payment from Samson Kiprop,Completed,"22,178.00",,"448,521.00"
M36JBVX88F,2025-08-30 00:00:00,Lipa Na M-Pesa from Grace Njoroge,Completed,"2,238.00",,"450,759.00"
4EKMS306TG,2025-08-30 00:00:00,Till Payment from Alice Ochieng,Completed,"6,012.00",,"456,771.00"
AP0QKHV921,2025-08-31 00:00:00,Transfer from David Otieno,Completed,"18,052.00",,"474,823.00"
BNWYQSR6BV,2025-08-31 00:00:00,Customer Payment from John Kamau,Completed,"12,706.00",,"487,529.00"
G0XW3LRV07,2025-09-01 00:00:00,Rent Payment Commercial Property,Completed,,"46,820.00","440,709.00"
6GPDH8K1GB,2025-09-01 00:00:00,Lipa Na M-Pesa from Grace Njoroge,Completed,"2,201.00",,"442,910.00"
FLM8ZGLELH,2025-09-01 00:00:00,Safaricom Airtime Purchase,Completed,,230.00,"442,680.00"
365PNOUUYI,2025-09-01 00:00:00,Rent Payment Commercial Property,Completed,,"25,804.00","416,876.00"
FJ7UUXN5AI,2025-09-02 00:00:00,Transfer from David Otieno,Completed,"9,797.00",,"426,673.00"
FOOCN0F91C,2025-09-03 00:00:00,Supplier Payment Nairobi Wholesale,Completed,,"63,937.00","362,736.00"
O72NYH3EOT,2025-09-03 00:00:00,Water Bill Nairobi Water,Completed,,"1,883.00","360,853.00"
0U0DNU7YSI,2025-09-03 00:00:00,Safaricom Airtime Purchase,Completed,,169.00,"360,684.00"
D8VJT3AM58,2025-09-04 00:00:00,Transfer from David Otieno,Completed,"12,627.00",,"373,311.00"
JWWGQZ67GB,2025-09-05 00:00:00,Business Payment from Samson Kiprop,Completed,"44,422.00",,"417,733.00"
X88DL4AOMG,2025-09-05 00:00:00,Business Payment from Samson Kiprop,Completed,"49,902.00",,"467,635.00"
BTY7PE7I45,2025-09-06 00:00:00,Supplier Payment Nairobi Wholesale,Completed,,"9,028.00","458,607.00"
URSKAZLNEO,2025-09-07 00:00:00,Till Payment from Peter Mwangi,Completed,"1,856.00",,"460,463.00"
JTYP6Z5XS5,2025-09-08 00:00:00,Lipa Na M-Pesa from Grace Njoroge,Completed,"1,830.00",,"462,293.00"
0VR01SJ7PJ,2025-09-09 00:00:00,Staff Salary Disbursement,Completed,,"5,142.00","457,151.00"
32Q2GV3FTJ,2025-09-09 00:00:00,Water Bill Nairobi Water,Completed,,809.00,"456,342.00"
W8EQSPJVX3,2025-09-10 00:00:00,Wholesale Order Payment from Joyce,Completed,"82,042.00",,"538,384.00"
HKMO4WAKRR,2025-09-11 00:00:00,Electricity Token KenyaPower,Completed,,"3,830.00","534,554.00"
KKF74T344Z,2025-09-12 00:00:00,Transfer from David Otieno,Completed,"1,306.00",,"535,860.00"
OV1PZ7GM6H,2025-09-13 00:00:00,Customer Payment from Robert Maina,Completed,"6,365.00",,"542,225.00"
VE7U5418CU,2025-09-13 00:00:00,Water Bill Nairobi Water,Completed,,"1,313.00","540,912.00"
VY9T6E5497,2025-09-13 00:00:00,Rent Payment Commercial Property,Completed,,"25,837.00","515,075.00"
7PC1LD79QA,2025-09-13 00:00:00,Customer Payment from Mary Wanjiku,Completed,"9,370.00",,"524,445.00"
HPEQQT77GM,2025-09-14 00:00:00,Rent Payment Commercial Property,Completed,,"46,816.00","477,629.00"
IXJQDG6MC5,2025-09-15 00:00:00,Customer Payment from John Kamau,Failed,,,"477,629.00"
SQH5S4Z36T,2025-09-16 00:00:00,Till Payment from Alice Ochieng,Completed,"5,072.00",,"482,701.00"
BJKZ6BPA7W,2025-09-17 00:00:00,Till Payment from Peter Mwangi,Completed,"1,437.00",,"484,138.00"
PELM3I2SCK,2025-09-18 00:00:00,Customer Payment from Mary Wanjiku,Completed,"6,966.00",,"491,104.00"
FIUSIA42LM,2025-09-19 00:00:00,Supplier Payment Nairobi Wholesale,Completed,,"63,292.00","427,812.00"
TYQ05DG6F5,2025-09-19 00:00:00,Lipa Na M-Pesa from Grace Njoroge,Completed,"2,068.00",,"429,880.00"
1HFDGBJ8S0,2025-09-19 00:00:00,Water Bill Nairobi Water,Completed,,"1,989.00","427,891.00"
4JW39KLWXT,2025-09-19 00:00:00,Send Money to James Njoroge,Completed,,"1,882.00","426,009.00"
PL14KOA76A,2025-09-20 00:00:00,Google Ads Payment,Completed,,"6,963.00","419,046.00"
SYOYKRXPLM,2025-09-20 00:00:00,Internet Bill Safaricom,Completed,,"1,853.00","417,193.00"
68DJ3F4TAA,2025-09-20 00:00:00,Safaricom Airtime Purchase,Completed,,249.00,"416,944.00"
LFA2MNAVWS,2025-09-20 00:00:00,Rent Payment Commercial Property,Completed,,"43,450.00","373,494.00"
UP2VSKIGJU,2025-09-20 00:00:00,Wholesale Order Payment from Joyce,Completed,"114,568.00",,"488,062.00"
EQZBRLEXCA,2025-09-20 00:00:00,Customer Payment from Mary Wanjiku,Completed,"14,020.00",,"502,082.00"
XUEWW3Y35V,2025-09-20 00:00:00,Withdraw Cash Agent,Completed,,"12,272.00","489,810.00"
UH8N3EXEYT,2025-09-21 00:00:00,Customer Payment from Mary Wanjiku,Completed,"13,843.00",,"503,653.00"
4YWH0AG971,2025-09-21 00:00:00,Withdraw Cash Agent,Failed,,,"503,653.00"
7Y3FV1GCU5,2025-09-21 00:00:00,Till Payment from Alice Ochieng,Completed,"2,700.00",,"506,353.00"
AFZDQO35WF,2025-09-22 00:00:00,Transfer from David Otieno,Failed,,,"506,353.00"
R55DKEJY1M,2025-09-23 00:00:00,Internet Bill Safaricom,Failed,,,"506,353.00"
CDG7RKPK9H,2025-09-23 00:00:00,Google Ads Payment,Completed,,"8,107.00","498,246.00"
OABH8HUEVY,2025-09-24 00:00:00,Water Bill Nairobi Water,Completed,,940.00,"497,306.00"
RSHOK8GHER,2025-09-24 00:00:00,Customer Payment from Mary Wanjiku,Completed,"10,144.00",,"507,450.00"
UQ0737MZDR,2025-09-24 00:00:00,Safaricom Airtime Purchase,Completed,,90.00,"507,360.00"
WWM9YA2LC1,2025-09-24 00:00:00,Wholesale Order Payment from Joyce,Completed,"114,108.00",,"621,468.00"
UQEFDQJFSK,2025-09-25 00:00:00,Transfer from David Otieno,Completed,"3,223.00",,"624,691.00"
X4C6MCD49Q,2025-09-26 00:00:00,Lipa Na M-Pesa from Grace Njoroge,Completed,"3,435.00",,"628,126.00"
A1GSMQ2LER,2025-09-27 00:00:00,Till Payment from Peter Mwangi,Completed,"3,400.00",,"631,526.00"
SISPMUAK10,2025-09-27 00:00:00,Customer Payment from John Kamau,Completed,"18,483.00",,"650,009.00"
RDWVDCTVUO,2025-09-27 00:00:00,Transfer from David Otieno,Completed,"16,156.00",,"666,165.00"
RYSXHIOJVG,2025-09-28 00:00:00,Internet Bill Safaricom,Completed,,876.00,"665,289.00"
H51PVV3Q6M,2025-09-28 00:00:00,Customer Payment from Robert Maina,Completed,"9,824.00",,"675,113.00"
5KQLUN48L4,2025-09-28 00:00:00,Customer Payment from Robert Maina,Completed,"13,204.00",,"688,317.00"
QZNF37F5DJ,2025-09-28 00:00:00,Send Money to James Njoroge,Completed,,"8,491.00","679,826.00"
S2B0BT3H5J,2025-09-29 00:00:00,Send Money to James Njoroge,Completed,,986.00,"678,840.00"
2L5GI8MZKF,2025-09-29 00:00:00,Staff Salary Disbursement,Completed,,"12,311.00","666,529.00"
1OZL6QVLQ8,2025-09-29 00:00:00,Till Payment from Peter Mwangi,Completed,"6,418.00",,"672,947.00"
PJAZBQR70W,2025-09-29 00:00:00,Safaricom Airtime Purchase,Completed,,437.00,"672,510.00"
GPJWX7GFSX,2025-09-30 00:00:00,Google Ads Payment,Completed,,"10,415.00","662,095.00"
SV9V3IM9BU,2025-10-01 00:00:00,Internet Bill Safaricom,Completed,,"2,224.00","659,871.00"
PDYGFQFH4X,2025-10-01 00:00:00,Wholesale Order Payment from Joyce,Completed,"40,492.00",,"700,363.00"
TEXESX40ZG,2025-10-01 00:00:00,Till Payment from Alice Ochieng,Completed,"2,157.00",,"702,520.00"
YML90SEP7E,2025-10-02 00:00:00,Customer Payment from John Kamau,Completed,"6,555.00",,"709,075.00"
7X1DBCVWO4,2025-10-02 00:00:00,Transfer from David Otieno,Completed,"7,414.00",,"716,489.00"
GCE8ERB1B1,2025-10-03 00:00:00,Internet Bill Safaricom,Completed,,"2,638.00","713,851.00"
FHUFVTAIDT,2025-10-04 00:00:00,Staff Salary Disbursement,Completed,,"6,781.00","707,070.00"
9W7NDREWOZ,2025-10-05 00:00:00,Till Payment from Peter Mwangi,Completed,"4,329.00",,"711,399.00"
TCGGSUMPS8,2025-10-06 00:00:00,Google Ads Payment,Failed,,,"711,399.00"
I8LAI553WF,2025-10-07 00:00:00,Supplier Payment Nairobi Wholesale,Completed,,"11,368.00","700,031.00"
AES71OC39C,2025-10-07 00:00:00,Customer Payment from Robert Maina,Completed,665.00,,"700,696.00"
BD7E8VNAJW,2025-10-08 00:00:00,Send Money to James Njoroge,Completed,,"1,739.00","698,957.00"
2JKO7V2ZNO,2025-10-08 00:00:00,Customer Payment from Robert Maina,Completed,"14,366.00",,"713,323.00"
3X9HQY0R66,2025-10-09 00:00:00,Staff Salary Disbursement,Completed,,"18,250.00","695,073.00"
8B7UW0EARQ,2025-10-09 00:00:00,Internet Bill Safaricom,Completed,,"2,646.00","692,427.00"
0L05UHBYLX,2025-10-10 00:00:00,Customer Payment from John Kamau,Completed,"23,094.00",,"715,521.00"
LEKRJUYRXS,2025-10-11 00:00:00,Transfer from David Otieno,Completed,"7,656.00",,"723,177.00"
H8QMSDX1ZC,2025-10-11 00:00:00,Lipa Na M-Pesa from Grace Njoroge,Completed,"4,797.00",,"727,974.00"
IOVFLL7364,2025-10-11 00:00:00,Water Bill Nairobi Water,Completed,,"1,685.00","726,289.00"
F9T9QKN1HP,2025-10-11 00:00:00,Internet Bill Safaricom,Completed,,829.00,"725,460.00"
XVBKKZSIHV,2025-10-12 00:00:00,Wholesale Order Payment from Joyce,Completed,"51,918.00",,"777,378.00"
L4LIQPM51T,2025-10-13 00:00:00,Customer Refund to Susan Achieng,Completed,,"4,723.00","772,655.00"
BC6FH15T2E,2025-10-13 00:00:00,Withdraw Cash Agent,Completed,,"18,043.00","754,612.00"
TW52CDJW3R,2025-10-14 00:00:00,Lipa Na M-Pesa from Grace Njoroge,Completed,"4,932.00",,"759,544.00"
I910XDWD89,2025-10-14 00:00:00,Water Bill Nairobi Water,Completed,,709.00,"758,835.00"
19BO4RU7OI,2025-10-14 00:00:00,Transfer from David Otieno,Completed,"8,986.00",,"767,821.00"
49VBEG2MFM,2025-10-15 00:00:00,Staff Salary Disbursement,Failed,,,"767,821.00"
O66UH3I2LQ,2025-10-15 00:00:00,Transfer from David Otieno,Completed,"17,493.00",,"785,314.00"
UDMR9I1A8Y,2025-10-16 00:00:00,Rent Payment Commercial Property,Completed,,"57,115.00","728,199.00"
TBGB0YFVFL,2025-10-16 00:00:00,Internet Bill Safaricom,Completed,,"1,623.00","726,576.00"
39VM9R676T,2025-10-17 00:00:00,Electricity Token KenyaPower,Completed,,"1,287.00","725,289.00"
KWUR0XK6NP,2025-10-17 00:00:00,Staff Salary Disbursement,Completed,,"6,596.00","718,693.00"
XYVRHUPV9R,2025-10-17 00:00:00,Till Payment from Peter Mwangi,Completed,"10,383.00",,"729,076.00"
G62WLB0HOZ,2025-10-18 00:00:00,Internet Bill Safaricom,Completed,,"2,013.00","727,063.00"
ISLSDON9VP,2025-10-19 00:00:00,Rent Payment Commercial Property,Completed,,"53,621.00","673,442.00"
YMGX5I9B3W,2025-10-19 00:00:00,Internet Bill Safaricom,Completed,,"1,485.00","671,957.00"
ZZR8XQYED2,2025-10-19 00:00:00,Google Ads Payment,Completed,,"2,657.00","669,300.00"
VFDTG9SH8S,2025-10-19 00:00:00,Google Ads Payment,Completed,,"5,007.00","664,293.00"
AZYBGYZORT,2025-10-20 00:00:00,Withdraw Cash Agent,Completed,,"4,284.00","660,009.00"
58MWE3IC80,2025-10-20 00:00:00,Customer Payment from Mary Wanjiku,Completed,"13,356.00",,"673,365.00"
DTU415SUPG,2025-10-20 00:00:00,Internet Bill Safaricom,Failed,,,"673,365.00"
TQRT6GE22A,2025-10-20 00:00:00,Rent Payment Commercial Property,Completed,,"35,693.00","637,672.00"
RX80A213ZE,2025-10-20 00:00:00,Customer Payment from Robert Maina,Completed,"3,310.00",,"640,982.00"
9232TJG4TL,2025-10-21 00:00:00,Electricity Token KenyaPower,Completed,,"2,819.00","638,163.00"
YWD0L6PCAC,2025-10-21 00:00:00,Google Ads Payment,Completed,,"4,585.00","633,578.00"
QX23TBFS6U,2025-10-21 00:00:00,Transfer from David Otieno,Completed,"15,527.00",,"649,105.00"
5WXVZFTE2Y,2025-10-22 00:00:00,Staff Salary Disbursement,Completed,,"18,278.00","630,827.00"
86KY76BZSD,2025-10-22 00:00:00,Water Bill Nairobi Water,Completed,,"1,873.00","628,954.00"
M7HG1RR24Z,2025-10-23 00:00:00,Supplier Payment Nairobi Wholesale,Completed,,"65,740.00","563,214.00"
YOZ951V1QP,2025-10-23 00:00:00,Till Payment from Alice Ochieng,Completed,"7,647.00",,"570,861.00"
9I4RZUHR26,2025-10-23 00:00:00,Lipa Na M-Pesa from Grace Njoroge,Completed,"1,475.00",,"572,336.00"
VDDA08ZTX3,2025-10-24 00:00:00,Till Payment from Alice Ochieng,Completed,"1,519.00",,"573,855.00"
ITES7VZS0Q,2025-10-24 00:00:00,Wholesale Order Payment from Joyce,Completed,"86,592.00",,"660,447.00"
HOV344TWVC,2025-10-24 00:00:00,Google Ads Payment,Failed,,,"660,447.00"
Q1EZQUI42X,2025-10-25 00:00:00,Electricity Token KenyaPower,Completed,,"2,493.00","657,954.00"
ZV5XRZ5W73,2025-10-26 00:00:00,Supplier Payment Nairobi Wholesale,Completed,,"6,466.00","651,488.00"
MSTVFETP2V,2025-10-27 00:00:00,Internet Bill Safaricom,Completed,,"2,145.00","649,343.00"
AX0TW5DMRJ,2025-10-27 00:00:00,Lipa Na M-Pesa from Grace Njoroge,Failed,,,"649,343.00"
Q0FD71SAVV,2025-10-27 00:00:00,Staff Salary Disbursement,Completed,,"22,207.00","627,136.00"
Y9V1GEF0M8,2025-10-28 00:00:00,Customer Payment from John Kamau,Completed,"11,011.00",,"638,147.00"
2GUNAR30L1,2025-10-29 00:00:00,Send Money to James Njoroge,Completed,,"6,369.00","631,778.00"
IK82U2QECA,2025-10-29 00:00:00,Water Bill Nairobi Water,Completed,,"1,995.00","629,783.00"
EMTRH2ZEC0,2025-10-30 00:00:00,Till Payment from Peter Mwangi,Completed,"10,327.00",,"640,110.00"
5CUBAUJX50,2025-10-31 00:00:00,Withdraw Cash Agent,Completed,,"3,229.00","636,881.00"
QZJMC2AUC3,2025-11-01 00:00:00,Lipa Na M-Pesa from Grace Njoroge,Completed,"4,225.00",,"641,106.00"
I4QS4KLD9I,2025-11-01 00:00:00,Customer Payment from Robert Maina,Completed,"4,356.00",,"645,462.00"
U6GFN4K7O5,2025-11-01 00:00:00,Send Money to James Njoroge,Completed,,"8,364.00","637,098.00"
TLM61KXVON,2025-11-01 00:00:00,Electricity Token KenyaPower,Completed,,"3,550.00","633,548.00"
5MLBA8Z1W6,2025-11-01 00:00:00,Water Bill Nairobi Water,Completed,,982.00,"632,566.00"
CSH5C1RPM9,2025-11-01 00:00:00,Safaricom Airtime Purchase,Completed,,453.00,"632,113.00"
J3D7HZCU4U,2025-11-02 00:00:00,Customer Payment from John Kamau,Completed,"14,451.00",,"646,564.00"
5GP2N1PFVH,2025-11-02 00:00:00,Supplier Payment Nairobi Wholesale,Completed,,"76,929.00","569,635.00"
IFHCA53HL2,2025-11-02 00:00:00,Transfer from David Otieno,Completed,"15,936.00",,"585,571.00"
KS6RTBUC78,2025-11-03 00:00:00,Customer Refund to Susan Achieng,Completed,,469.00,"585,102.00"
T6444IGG5N,2025-11-04 00:00:00,Supplier Payment Nairobi Wholesale,Completed,,"56,105.00","528,997.00"
RK0DQKTR72,2025-11-05 00:00:00,Electricity Token KenyaPower,Completed,,"3,316.00","525,681.00"
U30IW9X3LC,2025-11-06 00:00:00,Till Payment from Peter Mwangi,Completed,"2,369.00",,"528,050.00"
Y53Q1Y8UHU,2025-11-07 00:00:00,Till Payment from Alice Ochieng,Completed,"5,751.00",,"533,801.00"
VUZEFCRTWO,2025-11-08 00:00:00,Transfer from David Otieno,Completed,"19,241.00",,"553,042.00"
IW06YB5GD4,2025-11-08 00:00:00,Customer Refund to Susan Achieng,Completed,,"4,374.00","548,668.00"
HOFAB7GAQ4,2025-11-08 00:00:00,Transfer from David Otieno,Completed,"18,728.00",,"567,396.00"
QCES4BX49R,2025-11-08 00:00:00,Send Money to James Njoroge,Completed,,"7,895.00","559,501.00"
EWH6XSZQEJ,2025-11-08 00:00:00,Internet Bill Safaricom,Failed,,,"559,501.00"
MDRL24KG1P,2025-11-08 00:00:00,Till Payment from Alice Ochieng,Completed,"1,145.00",,"560,646.00"
6EO40JW156,2025-11-09 00:00:00,Water Bill Nairobi Water,Completed,,"1,652.00","558,994.00"
OIBEIL592O,2025-11-10 00:00:00,Lipa Na M-Pesa from Grace Njoroge,Completed,"3,495.00",,"562,489.00"
PVJEZTGKY9,2025-11-11 00:00:00,Till Payment from Peter Mwangi,Completed,"6,655.00",,"569,144.00"
CSUD8GAICE,2025-11-11 00:00:00,Till Payment from Peter Mwangi,Completed,"8,938.00",,"578,082.00"
3C5OD4L59W,2025-11-11 00:00:00,Till Payment from Peter Mwangi,Completed,"11,608.00",,"589,690.00"
HT06VTYLI8,2025-11-12 00:00:00,Supplier Payment Nairobi Wholesale,Completed,,"51,700.00","537,990.00"
YGW80OHG50,2025-11-13 00:00:00,Electricity Token KenyaPower,Completed,,"2,934.00","535,056.00"
SOYN0LQOR9,2025-11-14 00:00:00,Electricity Token KenyaPower,Completed,,"3,863.00","531,193.00"
BAJPAX918G,2025-11-14 00:00:00,Till Payment from Peter Mwangi,Failed,,,"531,193.00"
4KNU1ZS89U,2025-11-15 00:00:00,Transfer from David Otieno,Completed,"12,087.00",,"543,280.00"
16Y9AZBY0Z,2025-11-15 00:00:00,Supplier Payment Nairobi Wholesale,Completed,,"58,796.00","484,484.00"
UJUY0JCPGF,2025-11-15 00:00:00,Google Ads Payment,Completed,,"5,572.00","478,912.00"
1YQPI9IBFS,2025-11-16 00:00:00,Customer Payment from John Kamau,Completed,"2,331.00",,"481,243.00"
2XLXQFF65J,2025-11-17 00:00:00,Business Payment from Samson Kiprop,Failed,,,"481,243.00"
9RHJRBN5LQ,2025-11-18 00:00:00,Business Payment from Samson Kiprop,Completed,"33,003.00",,"514,246.00"
M9S4LGHPXO,2025-11-18 00:00:00,Water Bill Nairobi Water,Completed,,"1,607.00","512,639.00"
26LNYUNO32,2025-11-18 00:00:00,Business Payment from Samson Kiprop,Failed,,,"512,639.00"
U6ZLOQ42NA,2025-11-19 00:00:00,Send Money to James Njoroge,Completed,,"5,981.00","506,658.00"
QVZTOJ05B2,2025-11-20 00:00:00,Water Bill Nairobi Water,Completed,,690.00,"505,968.00"
OI83NER7PE,2025-11-21 00:00:00,Withdraw Cash Agent,Completed,,"9,738.00","496,230.00"
PQ9NBI0C5U,2025-11-21 00:00:00,Customer Payment from Robert Maina,Failed,,,"496,230.00"
RHC3BDQF97,2025-11-22 00:00:00,Customer Payment from Mary Wanjiku,Completed,"5,843.00",,"502,073.00"
EGO7QJAZ38,2025-11-22 00:00:00,Customer Payment from John Kamau,Completed,"20,286.00",,"522,359.00"
M6TAUGRH9X,2025-11-23 00:00:00,Customer Payment from Mary Wanjiku,Completed,"7,193.00",,"529,552.00"
JF8JNMYUWP,2025-11-23 00:00:00,Lipa Na M-Pesa from Grace Njoroge,Completed,"4,828.00",,"534,380.00"
88G8RQNCUO,2025-11-24 00:00:00,Wholesale Order Payment from Joyce,Completed,"67,078.00",,"601,458.00"
SQAQRL6FCZ,2025-11-25 00:00:00,Water Bill Nairobi Water,Completed,,"1,789.00","599,669.00"
1B1EBKN4YM,2025-11-26 00:00:00,Transfer from David Otieno,Completed,"9,831.00",,"609,500.00"
9AV25NESZZ,2025-11-26 00:00:00,Supplier Payment Nairobi Wholesale,Completed,,"62,671.00","546,829.00"
MRZDL2S5NJ,2025-11-26 00:00:00,Rent Payment Commercial Property,Completed,,"33,794.00","513,035.00"
ZUK0AEUISY,2025-11-27 00:00:00,Staff Salary Disbursement,Completed,,"26,821.00","486,214.00"
OCUEOPTZI7,2025-11-27 00:00:00,Business Payment from Samson Kiprop,Completed,"28,807.00",,"515,021.00"
N1NSRY324F,2025-11-27 00:00:00,Electricity Token KenyaPower,Completed,,434.00,"514,587.00"
V917UZ4UIC,2025-11-28 00:00:00,Electricity Token KenyaPower,Completed,,"1,368.00","513,219.00"
05RZ13SEUJ,2025-11-28 00:00:00,Transfer from David Otieno,Completed,"12,565.00",,"525,784.00"
Q2WPGL3XE5,2025-11-28 00:00:00,Send Money to James Njoroge,Completed,,"7,487.00","518,297.00"
LT7M4Q29FA,2025-11-28 00:00:00,Wholesale Order Payment from Joyce,Completed,"88,349.00",,"606,646.00"
69IYT6CCFU,2025-11-28 00:00:00,Customer Payment from John Kamau,Completed,"14,509.00",,"621,155.00"
6OYP31CGK2,2025-11-28 00:00:00,Safaricom Airtime Purchase,Completed,,51.00,"621,104.00"
EBNTNBKYKG,2025-11-28 00:00:00,Business Payment from Samson Kiprop,Completed,"44,333.00",,"665,437.00"
D6INNWC10P,2025-11-28 00:00:00,Lipa Na M-Pesa from Grace Njoroge,Completed,"3,126.00",,"668,563.00"
E2B75THCJL,2025-11-29 00:00:00,Customer Payment from Mary Wanjiku,Failed,,,"668,563.00"
E29V8R8DKO,2025-11-30 00:00:00,Supplier Payment Nairobi Wholesale,Failed,,,"668,563.00"
QKLRPCF56E,2025-11-30 00:00:00,Business Payment from Samson Kiprop,Completed,"10,477.00",,"679,040.00"
87DIL9LPLW,2025-11-30 00:00:00,Google Ads Payment,Completed,,"14,680.00","664,360.00"
T5EV2DB8L7,2025-12-01 00:00:00,Water Bill Nairobi Water,Completed,,713.00,"663,647.00"
744O4KOGT4,2025-12-01 00:00:00,Till Payment from Alice Ochieng,Completed,"7,773.00",,"671,420.00"
POKQJ22LH8,2025-12-02 00:00:00,Customer Payment from John Kamau,Completed,"7,285.00",,"678,705.00"
0VEO5EJYZM,2025-12-02 00:00:00,Google Ads Payment,Completed,,"2,816.00","675,889.00"
84NBVWTRFS,2025-12-02 00:00:00,Lipa Na M-Pesa from Grace Njoroge,Completed,986.00,,"676,875.00"
WE7FJMQV0V,2025-12-02 00:00:00,Customer Refund to Susan Achieng,Failed,,,"676,875.00"
928WK668KJ,2025-12-02 00:00:00,Staff Salary Disbursement,Completed,,"26,544.00","650,331.00"
IAC06XS3S5,2025-12-02 00:00:00,Send Money to James Njoroge,Completed,,"3,087.00","647,244.00"
5QRMOA88EM,2025-12-02 00:00:00,Transfer from David Otieno,Completed,"8,261.00",,"655,505.00"
91GNT2ZIX2,2025-12-02 00:00:00,Till Payment from Peter Mwangi,Completed,"6,751.00",,"662,256.00"
ETGV993C1Y,2025-12-03 00:00:00,Till Payment from Alice Ochieng,Completed,"3,043.00",,"665,299.00"
UQLR50OQIS,2025-12-03 00:00:00,Supplier Payment Nairobi Wholesale,Completed,,"47,517.00","617,782.00"
111PMJUSP1,2025-12-04 00:00:00,Transfer from David Otieno,Completed,"12,660.00",,"630,442.00"
F3TD6UWETB,2025-12-05 00:00:00,Safaricom Airtime Purchase,Completed,,232.00,"630,210.00"
G04HA963LG,2025-12-06 00:00:00,Safaricom Airtime Purchase,Completed,,176.00,"630,034.00"
X9LJZHT03F,2025-12-07 00:00:00,Customer Refund to Susan Achieng,Completed,,"2,179.00","627,855.00"
7L52CTQPNK,2025-12-07 00:00:00,Customer Refund to Susan Achieng,Completed,,983.00,"626,872.00"
H8QG8E0L4T,2025-12-07 00:00:00,Wholesale Order Payment from Joyce,Completed,"6,442.00",,"633,314.00"
3ANJP5DTKT,2025-12-07 00:00:00,Customer Refund to Susan Achieng,Completed,,478.00,"632,836.00"
6CFVT3REN9,2025-12-07 00:00:00,Customer Payment from John Kamau,Completed,"3,255.00",,"636,091.00"
VRU207E3CG,2025-12-08 00:00:00,Withdraw Cash Agent,Completed,,"5,560.00","630,531.00"
XSWMF0NWLP,2025-12-08 00:00:00,Customer Payment from Robert Maina,Completed,"12,812.00",,"643,343.00"
HP0K02WYVZ,2025-12-09 00:00:00,Customer Payment from John Kamau,Failed,,,"643,343.00"
CKVG3ISUV9,2025-12-09 00:00:00,Customer Payment from John Kamau,Completed,"2,118.00",,"645,461.00"
EQ1NE4IG0P,2025-12-09 00:00:00,Staff Salary Disbursement,Completed,,"7,040.00","638,421.00"
XWEJX1C1RB,2025-12-10 00:00:00,Wholesale Order Payment from Joyce,Completed,"72,860.00",,"711,281.00"
TV91ZFXHZY,2025-12-10 00:00:00,Transfer from David Otieno,Completed,"17,095.00",,"728,376.00"
1U3NQM24JB,2025-12-11 00:00:00,Internet Bill Safaricom,Completed,,666.00,"727,710.00"
0AH2NMR8ZU,2025-12-12 00:00:00,Customer Payment from John Kamau,Completed,"18,471.00",,"746,181.00"
E95GQTKCQA,2025-12-13 00:00:00,Safaricom Airtime Purchase,Completed,,458.00,"745,723.00"
R81VC72X03,2025-12-13 00:00:00,Wholesale Order Payment from Joyce,Completed,"113,162.00",,"858,885.00"
JATLUR5B05,2025-12-13 00:00:00,Lipa Na M-Pesa from Grace Njoroge,Completed,"1,802.00",,"860,687.00"
3RVT5A3NQZ,2025-12-13 00:00:00,Send Money to James Njoroge,Completed,,"5,470.00","855,217.00"
XCLA6AJBPK,2025-12-13 00:00:00,Supplier Payment Nairobi Wholesale,Completed,,"68,086.00","787,131.00"
YXKK4ZEN0D,2025-12-14 00:00:00,Withdraw Cash Agent,Completed,,"4,826.00","782,305.00"
N5ON16XXEY,2025-12-15 00:00:00,Safaricom Airtime Purchase,Completed,,385.00,"781,920.00"
GRYW24UA93,2025-12-15 00:00:00,Business Payment from Samson Kiprop,Completed,"21,227.00",,"803,147.00"
GZU80X1T7J,2025-12-16 00:00:00,Rent Payment Commercial Property,Completed,,"23,098.00","780,049.00"
7LCX8S4193,2025-12-16 00:00:00,Customer Payment from Robert Maina,Completed,"6,320.00",,"786,369.00"
KN45KRLERR,2025-12-17 00:00:00,Till Payment from Alice Ochieng,Completed,165.00,,"786,534.00"
5IM9OAL5FF,2025-12-18 00:00:00,Google Ads Payment,Completed,,"3,741.00","782,793.00"
4U1UN8MZIG,2025-12-19 00:00:00,Customer Refund to Susan Achieng,Failed,,,"782,793.00"
TIGFTE3VZD,2025-12-20 00:00:00,Transfer from David Otieno,Completed,"18,380.00",,"801,173.00"
FM6AA4XNDA,2025-12-21 00:00:00,Internet Bill Safaricom,Completed,,"1,585.00","799,588.00"
5EPTVGT6OT,2025-12-21 00:00:00,Withdraw Cash Agent,Completed,,"3,056.00","796,532.00"
NKY9YFFDFF,2025-12-21 00:00:00,Customer Payment from John Kamau,Completed,"4,936.00",,"801,468.00"
LH3K0UVRKP,2025-12-22 00:00:00,Safaricom Airtime Purchase,Completed,,249.00,"801,219.00"
J908CB5RSK,2025-12-23 00:00:00,Send Money to James Njoroge,Failed,,,"801,219.00"
AQOEOIGH8P,2025-12-23 00:00:00,Customer Payment from Mary Wanjiku,Completed,"8,970.00",,"810,189.00"
54JFZ13DG4,2025-12-24 00:00:00,Customer Refund to Susan Achieng,Completed,,"2,871.00","807,318.00"
3Y7RCGZHO3,2025-12-25 00:00:00,Till Payment from Alice Ochieng,Completed,"7,627.00",,"814,945.00"
3LQ8Z2R7YH,2025-12-26 00:00:00,Google Ads Payment,Completed,,"3,088.00","811,857.00"
93BHPJ0M0W,2025-12-27 00:00:00,Internet Bill Safaricom,Failed,,,"811,857.00"
29YEKP7GA5,2025-12-27 00:00:00,Customer Payment from Mary Wanjiku,Completed,"9,169.00",,"821,026.00"
HEV17RR1G9,2025-12-28 00:00:00,Internet Bill Safaricom,Completed,,"2,173.00","818,853.00"
HLJC4QBA1B,2025-12-28 00:00:00,Transfer from David Otieno,Completed,507.00,,"819,360.00"
YJRJFE2J90,2025-12-28 00:00:00,Staff Salary Disbursement,Completed,,"8,594.00","810,766.00"
GEE82WXV42,2025-12-29 00:00:00,Electricity Token KenyaPower,Completed,,601.00,"810,165.00"
K2S2D3Q0II,2025-12-30 00:00:00,Internet Bill Safaricom,Completed,,"1,028.00","809,137.00"
1MBC1MOCX1,2025-12-31 00:00:00,Internet Bill Safaricom,Completed,,"1,370.00","807,767.00"
UNCQT25QC3,2025-12-31 00:00:00,Till Payment from Peter Mwangi,Completed,"2,064.00",,"809,831.00"
5KQ7AMPXRM,2025-12-31 00:00:00,Till Payment from Alice Ochieng,Failed,,,"809,831.00"
N5E2VT8LKD,2025-01-01 00:00:00,Customer Payment from John Kamau,Completed,"6,947.00",,"816,778.00"
OA76K5XYMK,2025-01-02 00:00:00,Transfer from David Otieno,Failed,,,"816,778.00"
UJC2TEAO3K,2025-01-03 00:00:00,Water Bill Nairobi Water,Completed,,"1,595.00","815,183.00"
QV5564W12H,2025-01-04 00:00:00,Till Payment from Peter Mwangi,Completed,"2,707.00",,"817,890.00"
EFKRMTCS00,2025-01-05 00:00:00,Wholesale Order Payment from Joyce,Failed,,,"817,890.00"
NQT7CB9J4F,2025-01-06 00:00:00,Wholesale Order Payment from Joyce,Completed,"59,160.00",,"877,050.00"
EQNFJRDJI4,2025-01-06 00:00:00,Water Bill Nairobi Water,Completed,,"1,908.00","875,142.00"
HBKQKN6NWR,2025-01-07 00:00:00,Water Bill Nairobi Water,Completed,,952.00,"874,190.00"
E97DOV1V55,2025-01-08 00:00:00,Till Payment from Alice Ochieng,Completed,"7,421.00",,"881,611.00"
TD042C5SM2,2025-01-09 00:00:00,Staff Salary Disbursement,Completed,,"12,571.00","869,040.00"
DKLMXAT02E,2025-01-09 00:00:00,Lipa Na M-Pesa from Grace Njoroge,Completed,536.00,,"869,576.00"
O6P2J227AT,2025-01-10 00:00:00,Till Payment from Peter Mwangi,Completed,"4,605.00",,"874,181.00"
HFCIZ8R093,2025-01-11 00:00:00,Transfer from David Otieno,Failed,,,"874,181.00"
4OK8AFGYIL,2025-01-11 00:00:00,Customer Payment from John Kamau,Completed,"2,868.00",,"877,049.00"
J4BLB6S600,2025-01-11 00:00:00,Withdraw Cash Agent,Completed,,"5,614.00","871,435.00"
EMSJ3QLE9P,2025-01-11 00:00:00,Supplier Payment Nairobi Wholesale,Completed,,"13,752.00","857,683.00"
H6OBK5ESJR,2025-01-12 00:00:00,Supplier Payment Nairobi Wholesale,Completed,,"66,559.00","791,124.00"
WC41BTX4TR,2025-01-12 00:00:00,Lipa Na M-Pesa from Grace Njoroge,Completed,"2,291.00",,"793,415.00"
P9968UQSUT,2025-01-12 00:00:00,Staff Salary Disbursement,Completed,,"24,274.00","769,141.00"
BWPPTR06JF,2025-01-12 00:00:00,Withdraw Cash Agent,Completed,,"8,531.00","760,610.00"
K06W2NEE3Z,2025-01-13 00:00:00,Water Bill Nairobi Water,Completed,,"1,678.00","758,932.00"
U0ZWSY7IB7,2025-01-13 00:00:00,Till Payment from Alice Ochieng,Completed,"6,920.00",,"765,852.00"
2ZK2KJA2O9,2025-01-14 00:00:00,Staff Salary Disbursement,Completed,,"15,186.00","750,666.00"
QF2OWRINIR,2025-01-14 00:00:00,Withdraw Cash Agent,Completed,,"17,861.00","732,805.00"
WNLDI64BDS,2025-01-14 00:00:00,Staff Salary Disbursement,Completed,,"7,522.00","725,283.00"
7MNGO1G4P6,2025-01-15 00:00:00,Customer Payment from John Kamau,Completed,"9,076.00",,"734,359.00"
G4WBM0TZG1,2025-01-16 00:00:00,Water Bill Nairobi Water,Completed,,"1,517.00","732,842.00"
TEDV0BFLH0,2025-01-16 00:00:00,Till Payment from Alice Ochieng,Completed,"6,870.00",,"739,712.00"
939TV1W4Y1,2025-01-16 00:00:00,Till Payment from Alice Ochieng,Completed,"4,140.00",,"743,852.00"
HAHB7NRHJ6,2025-01-16 00:00:00,Supplier Payment Nairobi Wholesale,Completed,,"37,351.00","706,501.00"
V4TKBTI6DO,2025-01-17 00:00:00,Customer Payment from John Kamau,Completed,"3,825.00",,"710,326.00"
UML13D27EI,2025-01-18 00:00:00,Customer Payment from Mary Wanjiku,Completed,"1,273.00",,"711,599.00"
R47LER3BV9,2025-01-18 00:00:00,Safaricom Airtime Purchase,Completed,,60.00,"711,539.00"
43CVEB4CEO,2025-01-19 00:00:00,Till Payment from Alice Ochieng,Completed,"2,140.00",,"713,679.00"
YK44Y2O570,2025-01-19 00:00:00,Transfer from David Otieno,Completed,"9,582.00",,"723,261.00"
DF79K67TS0,2025-01-20 00:00:00,Customer Payment from Mary Wanjiku,Completed,"5,899.00",,"729,160.00"
XHH66UAMMV,2025-01-21 00:00:00,Google Ads Payment,Completed,,"3,793.00","725,367.00"
2TG73C3YZP,2025-01-22 00:00:00,Wholesale Order Payment from Joyce,Completed,"75,144.00",,"800,511.00"
3OWUZDI3LQ,2025-01-22 00:00:00,Lipa Na M-Pesa from Grace Njoroge,Completed,"3,734.00",,"804,245.00"
9JHJ9WF7YP,2025-01-23 00:00:00,Transfer from David Otieno,Completed,"4,800.00",,"809,045.00"
JW36LQBLOI,2025-01-23 00:00:00,Lipa Na M-Pesa from Grace Njoroge,Completed,"1,272.00",,"810,317.00"
MEH4KZ49VX,2025-01-24 00:00:00,Wholesale Order Payment from Joyce,Completed,"47,393.00",,"857,710.00"
M2H2B4WGND,2025-01-25 00:00:00,Staff Salary Disbursement,Completed,,"27,929.00","829,781.00"
E0O13NSZBH,2025-01-25 00:00:00,Lipa Na M-Pesa from Grace Njoroge,Completed,"2,677.00",,"832,458.00"
ZIP7YPNBX4,2025-01-26 00:00:00,Customer Refund to Susan Achieng,Failed,,,"832,458.00"
UIFYK917MP,2025-01-27 00:00:00,Staff Salary Disbursement,Completed,,"19,459.00","812,999.00"
N4TVMXGO5A,2025-01-28 00:00:00,Wholesale Order Payment from Joyce,Completed,"26,824.00",,"839,823.00"
2K2H8KGS1N,2025-01-29 00:00:00,Google Ads Payment,Completed,,"2,198.00","837,625.00"
1XWORK9DPM,2025-01-29 00:00:00,Transfer from David Otieno,Completed,"6,394.00",,"844,019.00"
7ATA8AL1K8,2025-01-30 00:00:00,Send Money to James Njoroge,Completed,,"6,834.00","837,185.00"
M7UMLETD8Z,2025-01-31 00:00:00,Rent Payment Commercial Property,Completed,,"15,737.00","821,448.00"
L9N2DZIGWD,2025-02-01 00:00:00,Customer Payment from John Kamau,Completed,"4,385.00",,"825,833.00"
A2Q8GUJS5T,2025-02-02 00:00:00,Customer Payment from Robert Maina,Completed,"7,982.00",,"833,815.00"
2CC8GHPXLY,2025-02-03 00:00:00,Rent Payment Commercial Property,Completed,,"42,398.00","791,417.00"
MLFJR4TYHX,2025-02-04 00:00:00,Electricity Token KenyaPower,Failed,,,"791,417.00"
S7PG843XW0,2025-02-04 00:00:00,Till Payment from Peter Mwangi,Completed,"6,728.00",,"798,145.00"
HI1HHZIPVQ,2025-02-05 00:00:00,Business Payment from Samson Kiprop,Completed,"47,887.00",,"846,032.00"
GUZ21ZTSYQ,2025-02-05 00:00:00,Till Payment from Alice Ochieng,Completed,"6,360.00",,"852,392.00"
4XR2ZSF0BP,2025-02-06 00:00:00,Supplier Payment Nairobi Wholesale,Completed,,"8,708.00","843,684.00"
RGYE75J28I,2025-02-07 00:00:00,Lipa Na M-Pesa from Grace Njoroge,Completed,"4,077.00",,"847,761.00"
6NOKMRW3O1,2025-02-07 00:00:00,Water Bill Nairobi Water,Completed,,523.00,"847,238.00"
ET970IZYDV,2025-02-08 00:00:00,Customer Refund to Susan Achieng,Completed,,"4,614.00","842,624.00"
5E7ZWA00SV,2025-02-08 00:00:00,Till Payment from Alice Ochieng,Completed,"5,564.00",,"848,188.00"
QSWJ1KOAZV,2025-02-08 00:00:00,Staff Salary Disbursement,Completed,,"8,359.00","839,829.00"
BYDGVC9RKX,2025-02-08 00:00:00,Till Payment from Peter Mwangi,Completed,"1,063.00",,"840,892.00"
V44HQEBZKZ,2025-02-08 00:00:00,Water Bill Nairobi Water,Completed,,908.00,"839,984.00"
4WAQ7ZTNLD,2025-02-09 00:00:00,Water Bill Nairobi Water,Completed,,710.00,"839,274.00"
C5C8UUJV25,2025-02-09 00:00:00,Business Payment from Samson Kiprop,Completed,"23,178.00",,"862,452.00"
U9JWTVOLGR,2025-02-09 00:00:00,Water Bill Nairobi Water,Completed,,"1,132.00","861,320.00"
7NEHZR8AZY,2025-02-10 00:00:00,Wholesale Order Payment from Joyce,Completed,"17,646.00",,"878,966.00"
OO7TA3C2WZ,2025-02-11 00:00:00,Staff Salary Disbursement,Completed,,"27,258.00","851,708.00"
2P6C9JYC06,2025-02-12 00:00:00,Till Payment from Peter Mwangi,Completed,"7,607.00",,"859,315.00"
HNHSKHB4IU,2025-02-12 00:00:00,Lipa Na M-Pesa from Grace Njoroge,Completed,"3,569.00",,"862,884.00"
FD62C4TPON,2025-02-12 00:00:00,Customer Payment from John Kamau,Completed,"22,808.00",,"885,692.00"
7EO9RHEXL1,2025-02-13 00:00:00,Staff Salary Disbursement,Completed,,"13,869.00","871,823.00"
VYD5H1F6HD,2025-02-14 00:00:00,Google Ads Payment,Completed,,"5,036.00","866,787.00"
OGQS5XVWUF,2025-02-14 00:00:00,Customer Payment from Mary Wanjiku,Completed,"8,248.00",,"875,035.00"
P474HISYT7,2025-02-14 00:00:00,Withdraw Cash Agent,Completed,,"14,364.00","860,671.00"
3UPZECWTNQ,2025-02-15 00:00:00,Staff Salary Disbursement,Failed,,,"860,671.00"
2IEB9KKFV6,2025-02-16 00:00:00,Customer Payment from John Kamau,Completed,"20,102.00",,"880,773.00"
V3DSLJ169X,2025-02-16 00:00:00,Business Payment from Samson Kiprop,Completed,"29,420.00",,"910,193.00"
I6F86XB2AJ,2025-02-17 00:00:00,Wholesale Order Payment from Joyce,Completed,"29,090.00",,"939,283.00"
1IF0K8JQKG,2025-02-17 00:00:00,Staff Salary Disbursement,Completed,,"6,503.00","932,780.00"
33H0UCW1Y5,2025-02-18 00:00:00,Water Bill Nairobi Water,Completed,,426.00,"932,354.00"
7047OA2MEF,2025-02-19 00:00:00,Customer Payment from John Kamau,Completed,"1,831.00",,"934,185.00"
A4T9QIETT9,2025-02-20 00:00:00,Business Payment from Samson Kiprop,Completed,"1,392.00",,"935,577.00"
F23W35S135,2025-02-21 00:00:00,Internet Bill Safaricom,Failed,,,"935,577.00"
OJ7LNO2YYC,2025-02-22 00:00:00,Wholesale Order Payment from Joyce,Completed,"98,905.00",,"1,034,482.00"
9N16EH4JBT,2025-02-22 00:00:00,Transfer from David Otieno,Failed,,,"1,034,482.00"
9E5G7KH4E7,2025-02-23 00:00:00,Send Money to James Njoroge,Completed,,"5,989.00","1,028,493.00"
GLF5K0V6LY,2025-02-23 00:00:00,Wholesale Order Payment from Joyce,Completed,"83,693.00",,"1,112,186.00"
ZSFJWQURB4,2025-02-24 00:00:00,Safaricom Airtime Purchase,Completed,,272.00,"1,111,914.00"
63CJGRGL7P,2025-02-24 00:00:00,Customer Payment from John Kamau,Completed,"12,122.00",,"1,124,036.00"
ZUKN5C9DY9,2025-02-24 00:00:00,Till Payment from Alice Ochieng,Completed,"1,426.00",,"1,125,462.00"
OHJ2SO8FPY,2025-02-25 00:00:00,Internet Bill Safaricom,Completed,,"2,609.00","1,122,853.00"
0K2MWF1YP2,2025-02-25 00:00:00,Till Payment from Alice Ochieng,Completed,"6,685.00",,"1,129,538.00"
QIIUT2U06M,2025-02-25 00:00:00,Customer Payment from Robert Maina,Completed,"8,894.00",,"1,138,432.00"
IKPWS41O1U,2025-02-26 00:00:00,Internet Bill Safaricom,Completed,,"2,910.00","1,135,522.00"
NKEP10AG1Q,2025-02-27 00:00:00,Google Ads Payment,Completed,,"4,467.00","1,131,055.00"
SMJN4H1JWQ,2025-02-28 00:00:00,Staff Salary Disbursement,Failed,,,"1,131,055.00"
H1CM3IBE9L,2025-03-01 00:00:00,Customer Refund to Susan Achieng,Completed,,"1,300.00","1,129,755.00"
XSUBEPKV0B,2025-03-02 00:00:00,Lipa Na M-Pesa from Grace Njoroge,Completed,"1,326.00",,"1,131,081.00"
GE3CE08ZT0,2025-03-02 00:00:00,Customer Payment from John Kamau,Completed,"2,897.00",,"1,133,978.00"
YMRSFPC12H,2025-03-03 00:00:00,Business Payment from Samson Kiprop,Completed,"15,244.00",,"1,149,222.00"
E2JU31JT6X,2025-03-04 00:00:00,Send Money to James Njoroge,Completed,,"1,051.00","1,148,171.00"
Z54QE7TSO9,2025-03-05 00:00:00,Electricity Token KenyaPower,Completed,,"4,195.00","1,143,976.00"
N275I9EAU2,2025-03-05 00:00:00,Lipa Na M-Pesa from Grace Njoroge,Completed,"3,752.00",,"1,147,728.00"
2LXHM94YMO,2025-03-06 00:00:00,Rent Payment Commercial Property,Completed,,"49,792.00","1,097,936.00"
89DK6N44O0,2025-03-07 00:00:00,Google Ads Payment,Failed,,,"1,097,936.00"
ENJDTJDN4R,2025-03-07 00:00:00,Send Money to James Njoroge,Completed,,"3,912.00","1,094,024.00"
AO82Y2C5VJ,2025-03-07 00:00:00,Electricity Token KenyaPower,Completed,,"4,067.00","1,089,957.00"
27RYTIFEIX,2025-03-07 00:00:00,Staff Salary Disbursement,Completed,,"29,703.00","1,060,254.00"
PB5088UAKL,2025-03-08 00:00:00,Google Ads Payment,Completed,,"13,003.00","1,047,251.00"
O866O2BLC3,2025-03-08 00:00:00,Wholesale Order Payment from Joyce,Completed,"60,265.00",,"1,107,516.00"
XYAX1LVKEE,2025-03-09 00:00:00,Water Bill Nairobi Water,Completed,,669.00,"1,106,847.00"
L5XZ1E129V,2025-03-09 00:00:00,Customer Refund to Susan Achieng,Completed,,"4,991.00","1,101,856.00"
7WQLCVRDFE,2025-03-09 00:00:00,Safaricom Airtime Purchase,Completed,,392.00,"1,101,464.00"
U19ILZEDJR,2025-03-10 00:00:00,Customer Payment from John Kamau,Failed,,,"1,101,464.00"
B37E266I2Y,2025-03-10 00:00:00,Customer Payment from Mary Wanjiku,Completed,"9,073.00",,"1,110,537.00"
73W27UT64R,2025-03-11 00:00:00,Withdraw Cash Agent,Completed,,"2,373.00","1,108,164.00"
LFDIFMQRXV,2025-03-11 00:00:00,Electricity Token KenyaPower,Completed,,845.00,"1,107,319.00"
49VITAR5AU,2025-03-12 00:00:00,Customer Payment from Robert Maina,Completed,"16,008.00",,"1,123,327.00"
61722HDWYW,2025-03-13 00:00:00,Internet Bill Safaricom,Completed,,"1,991.00","1,121,336.00"
6CESB3AXSK,2025-03-14 00:00:00,Safaricom Airtime Purchase,Completed,,203.00,"1,121,133.00"
ZJH1UKX4FP,2025-03-14 00:00:00,Withdraw Cash Agent,Completed,,"5,848.00","1,115,285.00"
9S8UMVK2O3,2025-03-14 00:00:00,Customer Payment from John Kamau,Completed,"4,511.00",,"1,119,796.00"
A9CMIXF1XS,2025-03-15 00:00:00,Customer Payment from John Kamau,Completed,758.00,,"1,120,554.00"
V92MEFMWDR,2025-03-16 00:00:00,Water Bill Nairobi Water,Completed,,"1,288.00","1,119,266.00"
4NJX4ATMA9,2025-03-17 00:00:00,Wholesale Order Payment from Joyce,Completed,"77,358.00",,"1,196,624.00"
DAT5GA1AP6,2025-03-17 00:00:00,Send Money to James Njoroge,Completed,,"5,685.00","1,190,939.00"
KTLV3IBYCB,2025-03-18 00:00:00,Business Payment from Samson Kiprop,Completed,"21,466.00",,"1,212,405.00"
DKNBEGWJGI,2025-03-18 00:00:00,Withdraw Cash Agent,Completed,,"3,571.00","1,208,834.00"
EJC6U4SJSB,2025-03-19 00:00:00,Electricity Token KenyaPower,Completed,,467.00,"1,208,367.00"
YNSSQPJF0C,2025-03-20 00:00:00,Customer Payment from John Kamau,Completed,"21,607.00",,"1,229,974.00"
LCG5BQOMF0,2025-03-20 00:00:00,Customer Payment from John Kamau,Completed,"19,813.00",,"1,249,787.00"
X3QRD7ZM6W,2025-03-20 00:00:00,Customer Payment from John Kamau,Completed,"18,826.00",,"1,268,613.00"
THWZTR4DTZ,2025-03-21 00:00:00,Supplier Payment Nairobi Wholesale,Completed,,"13,854.00","1,254,759.00"
F25U26FC4O,2025-03-21 00:00:00,Send Money to James Njoroge,Completed,,"9,930.00","1,244,829.00"
CQ2PIA4EMJ,2025-03-22 00:00:00,Safaricom Airtime Purchase,Completed,,355.00,"1,244,474.00"
75PZD3W6WQ,2025-03-23 00:00:00,Send Money to James Njoroge,Completed,,"5,866.00","1,238,608.00"
MPEXABH812,2025-03-23 00:00:00,Send Money to James Njoroge,Completed,,"1,386.00","1,237,222.00"
1BPC60YR98,2025-03-23 00:00:00,Customer Payment from John Kamau,Completed,"8,623.00",,"1,245,845.00"
DZNT7HGFFG,2025-03-24 00:00:00,Staff Salary Disbursement,Completed,,"8,702.00","1,237,143.00"
T1RP0Q34WY,2025-03-25 00:00:00,Lipa Na M-Pesa from Grace Njoroge,Completed,"3,196.00",,"1,240,339.00"
I4JV7R7Y3F,2025-03-25 00:00:00,Customer Payment from John Kamau,Completed,"21,589.00",,"1,261,928.00"
V0VZ1GXDAC,2025-03-26 00:00:00,Google Ads Payment,Failed,,,"1,261,928.00"
VM8JBV8ZAW,2025-03-26 00:00:00,Electricity Token KenyaPower,Failed,,,"1,261,928.00"
ULUYSQAJQI,2025-03-26 00:00:00,Customer Payment from Mary Wanjiku,Completed,"10,686.00",,"1,272,614.00"
5FTIHF0FM1,2025-03-27 00:00:00,Till Payment from Peter Mwangi,Completed,"3,136.00",,"1,275,750.00"
FMMBAJ6F6B,2025-03-27 00:00:00,Internet Bill Safaricom,Completed,,"1,686.00","1,274,064.00"
SZSNGXAV2B,2025-03-27 00:00:00,Customer Payment from Mary Wanjiku,Failed,,,"1,274,064.00"
V70614N8QZ,2025-03-27 00:00:00,Lipa Na M-Pesa from Grace Njoroge,Completed,"4,721.00",,"1,278,785.00"
RBUJR4V4VL,2025-03-28 00:00:00,Business Payment from Samson Kiprop,Completed,"40,568.00",,"1,319,353.00"
QPGROI5OUQ,2025-03-29 00:00:00,Rent Payment Commercial Property,Completed,,"57,498.00","1,261,855.00"
GAP8957ARO,2025-03-30 00:00:00,Internet Bill Safaricom,Completed,,"2,743.00","1,259,112.00"
NT1S3E9O2W,2025-03-30 00:00:00,Lipa Na M-Pesa from Grace Njoroge,Completed,"2,998.00",,"1,262,110.00"
J94FNWZODM,2025-03-30 00:00:00,Water Bill Nairobi Water,Completed,,641.00,"1,261,469.00"
31RHGHR9KR,2025-03-30 00:00:00,Business Payment from Samson Kiprop,Completed,"36,081.00",,"1,297,550.00"
GOEGRK0CA3,2025-03-30 00:00:00,Send Money to James Njoroge,Completed,,"5,599.00","1,291,951.00"
QXCRZ9314L,2025-03-31 00:00:00,Business Payment from Samson Kiprop,Completed,"8,644.00",,"1,300,595.00"
OPZKU8KMJM,2025-04-01 00:00:00,Customer Payment from John Kamau,Completed,"10,980.00",,"1,311,575.00"
PMZX8JHSP2,2025-04-01 00:00:00,Staff Salary Disbursement,Completed,,"16,757.00","1,294,818.00"
L81OW82UYW,2025-04-01 00:00:00,Transfer from David Otieno,Completed,"10,112.00",,"1,304,930.00"
J1VOSY5LPE,2025-04-01 00:00:00,Customer Payment from Mary Wanjiku,Completed,"13,222.00",,"1,318,152.00"
7Z45PQ1IJG,2025-04-01 00:00:00,Customer Payment from Mary Wanjiku,Failed,,,"1,318,152.00"
HD63IKRPAB,2025-04-02 00:00:00,Water Bill Nairobi Water,Completed,,"1,459.00","1,316,693.00"
N9A8KYIN81,2025-04-03 00:00:00,Send Money to James Njoroge,Completed,,"3,320.00","1,313,373.00"
REZQBMWL6W,2025-04-03 00:00:00,Withdraw Cash Agent,Completed,,"7,352.00","1,306,021.00"
BO5TUD0X3G,2025-04-03 00:00:00,Customer Payment from Mary Wanjiku,Completed,"1,026.00",,"1,307,047.00"
PUG4A9UZ98,2025-04-04 00:00:00,Customer Payment from Mary Wanjiku,Completed,"2,238.00",,"1,309,285.00"
KY0QRYTDYJ,2025-04-04 00:00:00,Rent Payment Commercial Property,Completed,,"36,407.00","1,272,878.00"
NV8KT33GO5,2025-04-05 00:00:00,Business Payment from Samson Kiprop,Completed,"34,505.00",,"1,307,383.00"
49K4NJBOUV,2025-04-06 00:00:00,Transfer from David Otieno,Completed,"19,234.00",,"1,326,617.00"
NWQMROWBUB,2025-04-07 00:00:00,Wholesale Order Payment from Joyce,Completed,"81,422.00",,"1,408,039.00"
AGXUQH2K7N,2025-04-07 00:00:00,Business Payment from Samson Kiprop,Completed,"5,807.00",,"1,413,846.00"
89A1BB1RXG,2025-04-08 00:00:00,Till Payment from Peter Mwangi,Completed,"4,016.00",,"1,417,862.00"
LH1P8X1DZC,2025-04-09 00:00:00,Customer Payment from Robert Maina,Completed,"17,838.00",,"1,435,700.00"
U468MK4S2O,2025-04-10 00:00:00,Rent Payment Commercial Property,Completed,,"40,868.00","1,394,832.00"
5VK15TLRB0,2025-04-11 00:00:00,Customer Payment from John Kamau,Completed,"11,451.00",,"1,406,283.00"
HYBZLYTGDU,2025-04-12 00:00:00,Wholesale Order Payment from Joyce,Completed,"41,389.00",,"1,447,672.00"
M4A706IRUH,2025-04-12 00:00:00,Customer Payment from Robert Maina,Completed,"2,664.00",,"1,450,336.00"
LT1P5UMPS6,2025-04-13 00:00:00,Electricity Token KenyaPower,Completed,,"1,625.00","1,448,711.00"
08NN8827L4,2025-04-13 00:00:00,Send Money to James Njoroge,Completed,,"9,533.00","1,439,178.00"
3WL2M6PH4B,2025-04-13 00:00:00,Send Money to James Njoroge,Completed,,"1,755.00","1,437,423.00"
4XZFHOYKV0,2025-04-13 00:00:00,Till Payment from Alice Ochieng,Completed,670.00,,"1,438,093.00"
T5FA51T9T2,2025-04-13 00:00:00,Customer Payment from Mary Wanjiku,Completed,"14,723.00",,"1,452,816.00"
5F5J1ME178,2025-04-14 00:00:00,Internet Bill Safaricom,Completed,,792.00,"1,452,024.00"
IXML7V851M,2025-04-14 00:00:00,Customer Refund to Susan Achieng,Completed,,"3,774.00","1,448,250.00"
7EZMWAJUEE,2025-04-15 00:00:00,Google Ads Payment,Failed,,,"1,448,250.00"
FN8CNKCY99,2025-04-16 00:00:00,Electricity Token KenyaPower,Completed,,"3,249.00","1,445,001.00"
D520FSDXEQ,2025-04-17 00:00:00,Water Bill Nairobi Water,Completed,,"1,480.00","1,443,521.00"
WW4LYQQQ64,2025-04-17 00:00:00,Till Payment from Alice Ochieng,Completed,416.00,,"1,443,937.00"
XH31KEVR4E,2025-04-17 00:00:00,Customer Payment from John Kamau,Completed,"18,867.00",,"1,462,804.00"
MB45TVDJ42,2025-04-17 00:00:00,Customer Payment from Robert Maina,Completed,"3,499.00",,"1,466,303.00"
RHJ5Y797UU,2025-04-18 00:00:00,Staff Salary Disbursement,Completed,,"6,081.00","1,460,222.00"
TB3UL57AZX,2025-04-19 00:00:00,Supplier Payment Nairobi Wholesale,Completed,,"53,523.00","1,406,699.00"
DS2ZOWQZH0,2025-04-19 00:00:00,Rent Payment Commercial Property,Completed,,"48,349.00","1,358,350.00"
FDBU83OOF1,2025-04-20 00:00:00,Customer Refund to Susan Achieng,Failed,,,"1,358,350.00"
AWWTK0Q69A,2025-04-20 00:00:00,Customer Payment from Mary Wanjiku,Completed,"11,632.00",,"1,369,982.00"
MGQBJNUAEA,2025-04-20 00:00:00,Rent Payment Commercial Property,Completed,,"21,438.00","1,348,544.00"
5ICW4CHU7S,2025-04-21 00:00:00,Staff Salary Disbursement,Completed,,"24,173.00","1,324,371.00"
OJ3BNQ4Q2Y,2025-04-21 00:00:00,Send Money to James Njoroge,Completed,,"8,693.00","1,315,678.00"
6W8J94O0NS,2025-04-21 00:00:00,Supplier Payment Nairobi Wholesale,Completed,,"59,967.00","1,255,711.00"
N1C7VE8HYA,2025-04-22 00:00:00,Supplier Payment Nairobi Wholesale,Completed,,"53,991.00","1,201,720.00"
IK5LXKV8ZT,2025-04-22 00:00:00,Internet Bill Safaricom,Completed,,"1,097.00","1,200,623.00"
IG41QHD9WK,2025-04-22 00:00:00,Customer Payment from Mary Wanjiku,Completed,"2,303.00",,"1,202,926.00"
CYDJIJ0UVR,2025-04-23 00:00:00,Safaricom Airtime Purchase,Failed,,,"1,202,926.00"
2XO3F1Q9MC,2025-04-24 00:00:00,Customer Payment from Robert Maina,Completed,"8,072.00",,"1,210,998.00"
QLD52J0DER,2025-04-24 00:00:00,Water Bill Nairobi Water,Failed,,,"1,210,998.00"
JL2UCNXVM6,2025-04-24 00:00:00,Water Bill Nairobi Water,Completed,,858.00,"1,210,140.00"
MQDDB5BVD3,2025-04-25 00:00:00,Supplier Payment Nairobi Wholesale,Completed,,"24,017.00","1,186,123.00"
XYIC9MHFTV,2025-04-26 00:00:00,Wholesale Order Payment from Joyce,Completed,"67,404.00",,"1,253,527.00"
SF34GJNMSS,2025-04-26 00:00:00,Staff Salary Disbursement,Completed,,"24,099.00","1,229,428.00"
9VJYH1GV3C,2025-04-27 00:00:00,Supplier Payment Nairobi Wholesale,Completed,,"11,190.00","1,218,238.00"
T3BFPTBZ34,2025-04-28 00:00:00,Business Payment from Samson Kiprop,Completed,"12,037.00",,"1,230,275.00"
JF1LUL1TPQ,2025-04-28 00:00:00,Google Ads Payment,Completed,,"14,882.00","1,215,393.00"
1YIZM23QGO,2025-04-28 00:00:00,Lipa Na M-Pesa from Grace Njoroge,Completed,725.00,,"1,216,118.00"
JZ06FKSHC0,2025-04-28 00:00:00,Wholesale Order Payment from Joyce,Completed,"60,673.00",,"1,276,791.00"
ZSDGAPUHB4,2025-04-28 00:00:00,Supplier Payment Nairobi Wholesale,Completed,,"63,644.00","1,213,147.00"
HP3JAWJ3G4,2025-04-28 00:00:00,Business Payment from Samson Kiprop,Completed,"4,991.00",,"1,218,138.00"
ELFQ2RVK96,2025-04-28 00:00:00,Wholesale Order Payment from Joyce,Completed,"17,018.00",,"1,235,156.00"
WDEOWO7QRT,2025-04-28 00:00:00,Transfer from David Otieno,Completed,"19,159.00",,"1,254,315.00"
39P81HA1OE,2025-04-28 00:00:00,Customer Payment from Robert Maina,Completed,"5,727.00",,"1,260,042.00"
UKOCZZL77G,2025-04-29 00:00:00,Electricity Token KenyaPower,Completed,,"4,004.00","1,256,038.00"
DBQP1QG0BH,2025-04-29 00:00:00,Till Payment from Alice Ochieng,Completed,"1,566.00",,"1,257,604.00"
U5X48TUEEX,2025-04-30 00:00:00,Business Payment from Samson Kiprop,Completed,"48,150.00",,"1,305,754.00"
9X4AM4W0GD,2025-05-01 00:00:00,Withdraw Cash Agent,Completed,,"19,581.00","1,286,173.00"
GQ5WOYE6E7,2025-05-02 00:00:00,Electricity Token KenyaPower,Completed,,"1,242.00","1,284,931.00"
UOJKBATFR2,2025-05-02 00:00:00,Google Ads Payment,Completed,,"14,660.00","1,270,271.00"
5LR74P2AI4,2025-05-02 00:00:00,Safaricom Airtime Purchase,Completed,,421.00,"1,269,850.00"
SA1CY8GAU6,2025-05-03 00:00:00,Electricity Token KenyaPower,Completed,,"1,030.00","1,268,820.00"
UXWIZIYLTL,2025-05-04 00:00:00,Wholesale Order Payment from Joyce,Completed,"27,176.00",,"1,295,996.00"
ZT0WZJJR8T,2025-05-05 00:00:00,Internet Bill Safaricom,Completed,,"2,872.00","1,293,124.00"
Y28M1IMR92,2025-05-05 00:00:00,Electricity Token KenyaPower,Failed,,,"1,293,124.00"
BWBVONXQ4N,2025-05-05 00:00:00,Rent Payment Commercial Property,Completed,,"47,416.00","1,245,708.00"
UFV65MDAPT,2025-05-06 00:00:00,Till Payment from Alice Ochieng,Completed,832.00,,"1,246,540.00"
SA4C1N49Y4,2025-05-07 00:00:00,Wholesale Order Payment from Joyce,Completed,"109,406.00",,"1,355,946.00"
SJU0QCJCWH,2025-05-07 00:00:00,Electricity Token KenyaPower,Failed,,,"1,355,946.00"
HK9MM12CRO,2025-05-07 00:00:00,Customer Payment from Mary Wanjiku,Completed,"11,683.00",,"1,367,629.00"
LXG7TIJKCN,2025-05-07 00:00:00,Customer Payment from Robert Maina,Completed,"8,972.00",,"1,376,601.00"
WH0YUGV6EN,2025-05-08 00:00:00,Electricity Token KenyaPower,Completed,,"4,991.00","1,371,610.00"
67XENE2PKF,2025-05-09 00:00:00,Business Payment from Samson Kiprop,Completed,"29,571.00",,"1,401,181.00"
7A6NEXPVOM,2025-05-09 00:00:00,Till Payment from Peter Mwangi,Completed,"9,176.00",,"1,410,357.00"
H66AJK1SE3,2025-05-10 00:00:00,Transfer from David Otieno,Failed,,,"1,410,357.00"
0G505Z3FJE,2025-05-10 00:00:00,Customer Refund to Susan Achieng,Completed,,"2,694.00","1,407,663.00"
ELAGDUHEO2,2025-05-11 00:00:00,Business Payment from Samson Kiprop,Completed,"36,110.00",,"1,443,773.00"
QW9E12JYKV,2025-05-11 00:00:00,Customer Payment from Robert Maina,Completed,"4,285.00",,"1,448,058.00"
OPRLFSKFNX,2025-05-11 00:00:00,Rent Payment Commercial Property,Failed,,,"1,448,058.00"
2ZN8J6SU65,2025-05-12 00:00:00,Lipa Na M-Pesa from Grace Njoroge,Completed,"3,338.00",,"1,451,396.00"
P0EOJ8FIE3,2025-05-13 00:00:00,Staff Salary Disbursement,Completed,,"24,650.00","1,426,746.00"
52AFH33JUT,2025-05-14 00:00:00,Customer Payment from Mary Wanjiku,Completed,"2,178.00",,"1,428,924.00"
M2QCAE9MF4,2025-05-14 00:00:00,Send Money to James Njoroge,Completed,,"4,313.00","1,424,611.00"
BZZDSZ1ZOY,2025-05-14 00:00:00,Customer Refund to Susan Achieng,Completed,,"1,079.00","1,423,532.00"
JVPS0CA3SG,2025-05-14 00:00:00,Internet Bill Safaricom,Completed,,"2,193.00","1,421,339.00"
BPSFK1H10F,2025-05-15 00:00:00,Staff Salary Disbursement,Completed,,"27,748.00","1,393,591.00"
8N5CLBP92M,2025-05-16 00:00:00,Transfer from David Otieno,Completed,"2,343.00",,"1,395,934.00"
K68K04L6IA,2025-05-17 00:00:00,Customer Payment from Robert Maina,Completed,"16,727.00",,"1,412,661.00"
AJI4R5YF96,2025-05-17 00:00:00,Business Payment from Samson Kiprop,Completed,"2,372.00",,"1,415,033.00"
8EHTUIMQA0,2025-05-18 00:00:00,Till Payment from Alice Ochieng,Completed,"2,315.00",,"1,417,348.00"
IBRHP9PYD9,2025-05-18 00:00:00,Withdraw Cash Agent,Completed,,"12,205.00","1,405,143.00"
ZILRHFR6HY,2025-05-18 00:00:00,Internet Bill Safaricom,Completed,,"2,713.00","1,402,430.00"
Q7R4PNGO4Y,2025-05-19 00:00:00,Customer Refund to Susan Achieng,Completed,,"1,289.00","1,401,141.00"
HPZYKSSQNW,2025-05-20 00:00:00,Wholesale Order Payment from Joyce,Completed,"58,021.00",,"1,459,162.00"
XA56RBBO30,2025-05-21 00:00:00,Customer Payment from John Kamau,Completed,"4,076.00",,"1,463,238.00"
Y7JXX3XHU0,2025-05-22 00:00:00,Supplier Payment Nairobi Wholesale,Completed,,"10,718.00","1,452,520.00"
86LE0R1846,2025-05-22 00:00:00,Send Money to James Njoroge,Completed,,"4,198.00","1,448,322.00"
4995DP2YKU,2025-05-22 00:00:00,Rent Payment Commercial Property,Completed,,"29,368.00","1,418,954.00"
DB0DEFYBIP,2025-05-22 00:00:00,Customer Refund to Susan Achieng,Completed,,"3,602.00","1,415,352.00"
Y1KJYUAE4V,2025-05-23 00:00:00,Till Payment from Peter Mwangi,Completed,"7,640.00",,"1,422,992.00"
CULV9DBJOU,2025-05-24 00:00:00,Electricity Token KenyaPower,Completed,,"1,228.00","1,421,764.00"
TA0R8CH86S,2025-05-25 00:00:00,Rent Payment Commercial Property,Failed,,,"1,421,764.00"
AKIAXGXVYG,2025-05-25 00:00:00,Customer Payment from Mary Wanjiku,Completed,"3,478.00",,"1,425,242.00"
2B4WB53S7F,2025-05-25 00:00:00,Wholesale Order Payment from Joyce,Completed,"5,350.00",,"1,430,592.00"
LMAWX7LS76,2025-05-25 00:00:00,Water Bill Nairobi Water,Completed,,607.00,"1,429,985.00"
2CEJBGK201,2025-05-25 00:00:00,Rent Payment Commercial Property,Completed,,"55,779.00","1,374,206.00"
63UW4TR3D0,2025-05-26 00:00:00,Customer Payment from Mary Wanjiku,Completed,"7,596.00",,"1,381,802.00"
6E8LDWJOR9,2025-05-27 00:00:00,Transfer from David Otieno,Completed,"16,597.00",,"1,398,399.00"
1VWUVO094A,2025-05-28 00:00:00,Send Money to James Njoroge,Completed,,"8,522.00","1,389,877.00"
XO346VWHW5,2025-05-28 00:00:00,Internet Bill Safaricom,Completed,,"2,983.00","1,386,894.00"
UI8J9RR4KJ,2025-05-28 00:00:00,Safaricom Airtime Purchase,Completed,,164.00,"1,386,730.00"
O3QRX6RC2D,2025-05-28 00:00:00,Till Payment from Alice Ochieng,Failed,,,"1,386,730.00"
V8ZZ22GDKH,2025-05-29 00:00:00,Rent Payment Commercial Property,Completed,,"24,353.00","1,362,377.00"
CDZ8KCZUE2,2025-05-30 00:00:00,Water Bill Nairobi Water,Completed,,"1,378.00","1,360,999.00"
OI8CSDX5IF,2025-05-30 00:00:00,Customer Payment from John Kamau,Completed,874.00,,"1,361,873.00"